variant,engagement,pre_engagement,page_load_ms,days_since_signup
control,7.212,4.073,906.1,1
control,3.287,4.737,891.2,2
control,4.493,4.161,883.3,3
control,6.541,5.069,872.7,4
control,4.478,4.723,890.4,5
control,5.789,4.487,867.5,6
control,5.631,5.466,809.2,7
control,6.237,6.579,969.0,8
control,6.913,5.328,941.3,9
control,5.333,6.344,1050.1,10
control,3.254,6.579,929.6,11
control,4.3,4.413,866.6,12
control,7.186,5.275,849.9,13
control,3.586,4.575,903.8,14
control,5.497,3.518,944.2,15
control,2.485,5.356,880.4,16
control,3.649,3.948,782.4,17
control,5.887,5.484,840.9,18
control,5.036,3.444,901.4,19
control,4.624,5.171,959.2,20
control,4.186,3.429,781.1,21
control,3.003,5.674,921.2,22
control,5.693,4.607,917.7,23
control,4.717,4.51,863.9,24
control,3.478,6.127,853.0,25
control,5.03,4.678,841.1,26
control,5.581,5.111,911.3,27
control,4.799,4.801,990.1,28
control,5.116,5.507,995.8,1
control,5.038,6.043,810.1,2
control,4.293,5.836,885.0,3
control,5.054,4.533,724.5,4
control,5.735,6.209,908.7,5
control,6.035,4.084,947.8,6
control,5.791,4.258,1025.7,7
control,4.325,4.872,757.1,8
control,5.636,6.047,813.0,9
control,5.465,3.83,911.5,10
control,4.29,5.891,770.5,11
control,4.536,4.945,913.8,12
control,5.68,4.566,949.8,13
control,6.377,6.098,797.5,14
control,3.188,4.197,910.6,15
control,6.64,7.286,803.0,16
control,6.164,4.823,1010.0,17
control,5.199,5.15,916.5,18
control,4.759,6.543,848.8,19
control,5.39,5.176,800.9,20
control,4.359,6.189,931.1,21
control,4.822,3.047,1008.6,22
control,3.525,4.557,838.3,23
control,3.258,5.397,864.8,24
control,7.332,6.081,839.8,25
control,5.063,5.77,1024.4,26
control,5.204,5.676,747.3,27
control,4.969,6.061,1002.8,28
control,4.172,5.475,869.8,1
control,4.693,2.857,894.3,2
control,5.091,6.442,872.7,3
control,4.803,4.162,919.2,4
control,4.248,5.314,841.6,5
control,5.479,5.181,984.7,6
control,5.188,5.047,987.9,7
control,5.393,3.894,821.3,8
control,5.705,3.061,953.4,9
control,4.829,3.998,871.5,10
control,4.831,5.826,904.1,11
control,6.482,3.553,1022.0,12
control,4.056,4.12,846.1,13
control,3.126,5.418,974.1,14
control,5.556,3.973,936.6,15
control,4.371,4.457,884.5,16
control,3.923,5.082,929.4,17
control,5.885,5.283,919.9,18
control,4.855,3.953,807.3,19
control,3.736,5.141,851.5,20
control,6.935,5.399,816.4,21
control,3.389,3.727,877.9,22
control,4.913,5.215,1007.6,23
control,3.111,4.283,946.5,24
control,5.271,5.124,785.4,25
control,4.359,5.723,878.1,26
control,5.819,4.824,918.7,27
control,4.983,5.913,959.5,28
control,6.351,5.791,847.9,1
control,4.57,5.908,801.0,2
control,3.395,5.403,895.5,3
control,5.238,6.101,945.5,4
control,4.747,5.385,918.8,5
control,3.181,3.333,829.2,6
control,3.945,4.208,1040.4,7
control,4.263,4.789,892.1,8
control,6.555,4.913,915.5,9
control,5.707,5.358,847.0,10
control,4.652,4.193,988.5,11
control,5.471,7.009,945.7,12
control,2.961,4.898,925.2,13
control,4.435,4.992,807.9,14
control,5.401,4.329,987.5,15
control,5.165,3.997,960.6,16
control,4.461,4.874,981.2,17
control,4.962,5.028,903.0,18
control,5.338,4.913,894.0,19
control,4.991,6.655,885.4,20
control,5.861,4.874,1082.3,21
control,5.319,4.914,856.6,22
control,5.511,5.815,805.1,23
control,6.714,4.829,870.1,24
control,5.828,5.539,857.3,25
control,6.741,3.721,1000.8,26
control,4.328,3.729,791.5,27
control,3.408,5.122,855.1,28
control,4.86,4.768,915.2,1
control,4.774,4.191,1001.5,2
control,6.459,5.122,957.1,3
control,3.87,5.209,1029.5,4
control,4.921,4.29,927.7,5
control,5.405,4.481,883.7,6
control,5.1,5.217,968.4,7
control,4.828,3.979,790.6,8
control,5.359,4.396,763.2,9
control,6.079,5.534,978.1,10
control,6.536,4.976,916.8,11
control,5.033,4.523,977.1,12
control,4.184,4.097,831.8,13
control,6.535,3.987,1002.8,14
control,3.922,4.868,953.6,15
control,6.791,7.026,897.5,16
control,6.344,5.566,916.6,17
control,6.489,3.667,927.8,18
control,5.685,5.707,831.5,19
control,2.888,4.241,869.2,20
control,3.961,4.995,926.5,21
control,5.307,4.411,866.0,22
control,4.324,7.023,782.4,23
control,4.685,3.866,923.6,24
control,5.613,5.314,966.9,25
control,4.83,4.315,985.5,26
control,3.781,5.739,942.6,27
control,5.886,5.293,965.5,28
control,5.515,6.255,979.0,1
control,4.751,5.718,906.4,2
control,5.711,4.306,730.5,3
control,5.095,7.916,992.8,4
control,6.331,5.555,828.5,5
control,5.151,4.449,809.5,6
control,6.324,5.206,811.7,7
control,3.126,5.631,1098.8,8
control,5.459,5.593,935.2,9
control,4.602,5.496,816.7,10
control,4.141,5.966,845.3,11
control,6.159,5.868,899.9,12
control,5.889,4.152,943.4,13
control,2.994,7.108,922.3,14
control,5.715,6.969,825.7,15
control,5.594,5.801,925.4,16
control,4.277,5.039,851.1,17
control,4.165,5.056,983.8,18
control,3.409,4.676,904.5,19
control,4.662,4.806,839.3,20
control,4.823,2.813,955.1,21
control,5.797,6.53,930.7,22
control,5.269,6.177,862.0,23
control,3.94,3.323,958.4,24
control,5.239,5.89,950.3,25
control,4.746,4.992,996.1,26
control,4.065,4.801,956.8,27
control,3.41,5.493,882.9,28
control,5.625,3.257,764.8,1
control,5.446,4.989,914.9,2
control,5.557,5.079,927.3,3
control,4.272,5.08,904.1,4
control,5.171,3.633,659.1,5
control,3.625,5.447,954.3,6
control,4.013,6.06,827.0,7
control,5.034,5.407,954.9,8
control,5.262,4.771,1036.1,9
control,3.371,7.689,879.8,10
control,3.942,4.075,935.1,11
control,4.635,5.773,902.6,12
control,5.959,5.243,942.0,13
control,4.187,7.012,908.3,14
control,5.141,5.387,858.6,15
control,5.245,5.601,827.6,16
control,4.75,5.506,1027.2,17
control,5.268,3.942,935.1,18
control,3.655,4.131,966.4,19
control,4.344,4.724,931.9,20
control,6.434,5.957,978.1,21
control,6.505,5.233,828.3,22
control,5.843,4.793,906.7,23
control,6.1,6.372,940.4,24
control,3.174,3.018,1003.4,25
control,4.051,3.704,1113.8,26
control,4.689,2.503,932.6,27
control,7.416,6.208,847.1,28
control,4.687,4.903,804.3,1
control,5.745,5.966,827.6,2
control,5.378,4.891,838.1,3
control,5.356,6.023,667.9,4
control,4.976,4.873,845.9,5
control,3.8,5.41,957.3,6
control,2.299,5.264,906.0,7
control,6.282,5.338,879.3,8
control,4.384,6.685,770.2,9
control,3.133,3.376,984.0,10
control,5.438,4.932,940.9,11
control,5.419,5.198,899.0,12
control,5.768,5.048,723.8,13
control,6.116,4.602,860.7,14
control,4.081,4.465,934.7,15
control,4.125,6.53,897.7,16
control,4.681,4.929,915.4,17
control,5.822,7.438,954.8,18
control,2.897,5.528,912.4,19
control,5.128,4.71,952.0,20
control,5.932,5.553,832.5,21
control,5.891,5.109,802.2,22
control,5.709,6.342,938.2,23
control,6.063,3.832,954.6,24
control,2.253,3.199,941.5,25
control,6.613,5.361,910.5,26
control,5.33,5.836,874.1,27
control,6.335,5.286,916.9,28
control,3.825,5.672,930.3,1
control,3.246,5.525,935.1,2
control,6.786,3.52,1108.6,3
control,4.073,5.281,826.3,4
control,4.689,6.317,1158.1,5
control,5.527,5.172,799.5,6
control,5.773,3.69,930.9,7
control,6.078,4.666,804.4,8
control,5.223,5.557,924.5,9
control,3.946,6.796,978.6,10
control,5.707,3.044,902.6,11
control,5.723,5.361,977.8,12
control,3.185,4.068,866.1,13
control,6.419,5.508,736.0,14
control,2.513,5.588,950.1,15
control,6.034,4.767,902.5,16
control,4.366,5.632,861.6,17
control,5.706,6.14,867.2,18
control,5.51,4.835,932.5,19
control,4.963,3.663,834.8,20
control,5.451,6.426,930.0,21
control,4.914,5.829,995.1,22
control,5.714,5.564,1064.8,23
control,7.185,4.309,1012.4,24
control,3.659,5.985,912.9,25
control,1.812,7.042,920.6,26
control,4.584,4.879,868.0,27
control,4.516,5.094,862.7,28
control,4.622,3.935,969.8,1
control,4.074,4.28,875.4,2
control,5.872,3.925,929.3,3
control,3.619,5.131,823.0,4
control,5.451,4.659,1009.6,5
control,5.638,5.373,874.2,6
control,5.316,4.108,987.0,7
control,5.487,4.832,843.7,8
control,5.949,4.046,839.5,9
control,5.054,5.188,1006.2,10
control,4.654,3.368,849.9,11
control,5.486,5.152,774.6,12
control,5.6,4.721,816.8,13
control,5.89,5.181,968.5,14
control,3.288,3.348,960.8,15
control,4.816,5.655,839.0,16
control,3.935,4.701,849.5,17
control,5.561,5.217,953.8,18
control,5.727,3.13,1005.3,19
control,4.726,3.757,894.5,20
control,4.271,4.61,944.3,21
control,5.597,6.376,969.9,22
control,4.867,5.527,1072.2,23
control,6.426,5.13,807.5,24
control,6.773,4.076,846.5,25
control,6.001,3.894,859.5,26
control,5.233,5.277,966.2,27
control,6.826,5.701,879.8,28
control,5.241,5.209,925.0,1
control,4.521,6.71,909.7,2
control,4.325,4.318,900.1,3
control,4.296,5.179,908.6,4
control,4.994,3.307,982.4,5
control,5.463,5.211,822.4,6
control,3.585,6.469,888.1,7
control,4.551,3.958,802.8,8
control,5.213,5.842,918.1,9
control,5.644,6.441,884.4,10
control,4.974,4.31,985.5,11
control,5.245,5.467,899.6,12
control,3.761,6.58,864.5,13
control,4.088,5.23,880.3,14
control,4.939,5.787,1037.9,15
control,5.511,3.226,774.4,16
control,5.231,5.597,849.8,17
control,4.151,5.517,902.9,18
control,4.763,3.674,849.1,19
control,6.512,4.036,939.3,20
control,5.544,5.604,895.5,21
control,4.837,4.697,920.5,22
control,3.974,6.112,909.4,23
control,4.287,5.311,891.8,24
control,5.007,5.056,796.7,25
control,5.276,4.83,914.1,26
control,5.566,5.293,758.9,27
control,5.388,5.803,846.2,28
control,4.63,5.534,939.1,1
control,4.489,4.577,995.2,2
control,7.047,6.239,1088.0,3
control,4.444,5.658,865.7,4
control,3.708,5.385,830.8,5
control,3.361,5.092,941.8,6
control,4.647,5.5,1049.6,7
control,5.94,3.168,1022.6,8
control,4.424,5.241,817.2,9
control,6.478,6.64,888.8,10
control,4.993,5.22,968.0,11
control,6.11,5.083,973.6,12
control,4.242,4.404,947.3,13
control,4.258,5.493,864.1,14
control,5.091,4.805,946.6,15
control,5.483,6.309,974.3,16
control,4.821,4.136,825.4,17
control,5.292,4.548,1006.4,18
control,5.588,4.399,979.4,19
control,3.579,6.835,840.6,20
control,4.659,4.81,974.0,21
control,4.481,4.452,965.0,22
control,4.53,2.909,968.1,23
control,5.407,4.089,1026.1,24
control,4.495,5.528,899.2,25
control,2.995,5.524,926.5,26
control,4.763,4.349,688.9,27
control,3.936,4.404,989.3,28
control,5.496,6.86,981.6,1
control,5.806,7.696,1008.5,2
control,2.825,6.15,825.1,3
control,4.226,6.559,977.0,4
control,5.353,6.771,981.5,5
control,3.591,7.215,847.9,6
control,5.783,4.698,984.5,7
control,6.049,4.122,937.0,8
control,4.838,6.833,764.2,9
control,4.226,4.036,946.8,10
control,2.689,3.971,838.6,11
control,5.814,3.994,765.9,12
control,7.003,4.869,929.3,13
control,6.796,3.016,894.8,14
control,4.805,3.567,1012.3,15
control,3.907,4.378,914.5,16
control,5.838,3.804,962.3,17
control,4.873,6.062,940.7,18
control,5.478,5.007,981.7,19
control,5.303,5.577,829.1,20
control,5.093,5.468,915.9,21
control,6.029,4.793,888.7,22
control,6.066,5.988,952.3,23
control,4.477,5.452,920.5,24
control,4.077,4.682,850.9,25
control,2.501,3.316,873.0,26
control,4.654,5.521,1031.9,27
control,3.907,3.739,764.5,28
control,5.419,5.38,956.7,1
control,4.664,5.079,999.3,2
control,4.773,3.64,946.3,3
control,5.812,5.258,1057.7,4
control,5.397,5.191,975.1,5
control,4.883,5.195,930.7,6
control,6.686,5.147,862.7,7
control,5.738,4.348,932.2,8
control,4.584,5.592,954.5,9
control,4.629,4.312,900.3,10
control,5.788,3.925,840.6,11
control,5.203,5.675,803.7,12
control,3.879,5.936,914.8,13
control,5.895,5.606,781.6,14
control,6.257,4.793,862.3,15
control,6.181,3.061,705.5,16
control,6.543,6.482,966.6,17
control,7.069,3.045,992.3,18
control,6.73,5.586,906.3,19
control,5.341,7.11,1046.5,20
control,4.792,5.149,1007.8,21
control,3.17,5.291,938.4,22
control,5.011,5.379,890.9,23
control,5.519,5.198,872.0,24
control,5.044,7.351,945.0,25
control,3.112,4.157,888.7,26
control,4.713,4.031,943.9,27
control,5.645,4.672,949.8,28
control,3.974,6.741,881.6,1
control,5.166,4.423,987.7,2
control,5.432,5.43,881.7,3
control,6.118,6.071,901.7,4
control,6.713,5.779,821.8,5
control,4.622,6.018,878.4,6
control,5.184,6.418,1072.7,7
control,5.215,5.308,828.0,8
control,5.649,4.543,935.0,9
control,5.537,5.147,863.6,10
control,6.425,4.661,722.9,11
control,2.669,7.522,944.7,12
control,5.418,4.467,855.5,13
control,5.487,5.483,925.5,14
control,4.765,3.499,979.2,15
control,2.736,5.133,918.8,16
control,4.939,4.713,926.3,17
control,4.289,5.676,830.6,18
control,6.678,5.702,956.5,19
control,5.375,6.417,884.8,20
control,4.205,6.338,740.1,21
control,2.947,4.934,966.2,22
control,5.591,4.056,990.6,23
control,5.696,4.173,1018.5,24
control,4.784,5.303,1073.7,25
control,5.604,5.158,961.9,26
control,4.652,5.258,941.1,27
control,6.067,4.465,987.3,28
control,5.993,6.437,829.0,1
control,3.361,3.527,766.2,2
control,3.605,4.41,861.8,3
control,7.031,3.923,1002.2,4
control,5.932,4.791,847.1,5
control,3.738,6.247,937.2,6
control,3.43,4.712,945.9,7
control,5.208,5.101,919.5,8
control,3.858,5.664,797.8,9
control,4.683,4.665,927.4,10
control,4.953,5.383,866.3,11
control,4.91,5.251,1036.2,12
control,6.127,3.869,991.0,13
control,6.835,4.536,869.1,14
control,4.521,5.355,1041.3,15
control,3.869,6.282,927.5,16
control,5.389,6.281,766.3,17
control,6.631,7.095,893.7,18
control,4.597,5.485,1030.8,19
control,5.85,4.587,834.4,20
control,4.163,4.936,894.5,21
control,5.021,4.886,791.2,22
control,3.838,4.592,803.9,23
control,5.011,5.383,833.3,24
control,4.884,5.429,801.8,25
control,5.608,3.826,850.5,26
control,6.778,6.088,1039.1,27
control,4.611,3.163,897.1,28
control,3.0,4.778,962.8,1
control,4.798,6.149,987.3,2
control,5.299,5.607,811.3,3
control,5.202,4.643,833.5,4
control,4.843,6.969,961.3,5
control,6.488,4.56,849.3,6
control,5.136,2.998,956.0,7
control,4.895,5.453,1034.2,8
control,4.222,3.221,783.6,9
control,3.253,4.169,871.4,10
control,5.329,5.623,884.1,11
control,5.245,4.539,857.9,12
control,3.941,5.581,851.4,13
control,4.956,3.842,860.6,14
control,4.856,5.858,898.8,15
control,4.375,3.309,913.2,16
control,4.207,6.319,976.3,17
control,5.405,4.525,898.0,18
control,4.774,6.531,989.5,19
control,4.409,4.159,852.7,20
control,4.138,6.925,803.9,21
control,4.87,4.042,875.6,22
control,5.924,3.206,937.0,23
control,5.207,5.043,968.8,24
control,4.763,6.234,1016.8,25
control,5.308,5.791,923.2,26
control,6.364,6.163,960.2,27
control,5.49,5.811,1009.5,28
control,5.26,4.18,837.7,1
control,5.639,5.766,883.2,2
control,4.842,5.093,1121.7,3
control,5.184,4.29,968.5,4
control,4.511,5.179,940.9,5
control,3.449,4.944,971.5,6
control,5.343,6.416,793.1,7
control,5.347,4.485,848.3,8
control,4.712,4.438,819.0,9
control,6.036,4.301,933.5,10
control,4.278,6.897,870.5,11
control,3.229,4.357,907.6,12
control,4.303,6.297,875.1,13
control,3.459,3.969,769.9,14
control,5.338,5.507,970.8,15
control,4.248,5.263,759.0,16
control,5.985,6.233,841.8,17
control,5.964,6.088,794.8,18
control,4.075,5.082,829.6,19
control,4.192,4.463,916.1,20
control,5.534,6.625,998.8,21
control,5.98,4.363,775.1,22
control,2.987,2.732,855.4,23
control,5.282,3.141,760.1,24
control,2.802,3.385,851.6,25
control,4.451,5.596,905.8,26
control,6.094,7.214,961.4,27
control,8.01,2.96,730.5,28
control,4.761,4.217,944.0,1
control,3.753,5.089,822.2,2
control,4.487,6.546,802.7,3
control,5.066,4.212,905.4,4
control,4.33,5.591,950.2,5
control,4.075,4.75,892.0,6
control,4.573,7.607,812.5,7
control,5.396,5.145,891.9,8
control,4.831,5.356,842.0,9
control,4.118,5.084,948.3,10
control,4.33,4.585,986.0,11
control,4.586,5.95,980.9,12
control,4.001,3.841,898.4,13
control,4.293,2.998,989.8,14
control,5.644,4.85,818.3,15
control,4.77,5.816,1042.6,16
control,3.247,4.419,817.9,17
control,6.025,5.186,737.6,18
control,5.417,3.779,1009.2,19
control,3.617,6.063,843.2,20
control,4.635,5.652,909.3,21
control,4.208,5.02,817.5,22
control,5.677,5.169,1089.1,23
control,4.628,3.606,1045.7,24
control,4.927,3.651,1023.7,25
control,4.811,4.878,907.1,26
control,3.52,5.514,978.5,27
control,6.405,5.564,895.8,28
control,5.662,4.637,989.8,1
control,4.253,5.745,867.2,2
control,5.192,6.421,1026.8,3
control,5.974,4.911,863.1,4
control,5.056,5.31,872.2,5
control,6.557,4.792,862.7,6
control,7.918,4.874,915.4,7
control,4.874,5.17,868.9,8
control,4.417,6.703,939.0,9
control,4.011,5.915,861.5,10
control,2.786,5.825,963.3,11
control,6.248,4.546,1021.5,12
control,4.647,4.102,906.2,13
control,5.875,5.39,1077.5,14
control,6.076,6.244,990.2,15
control,3.919,6.723,1071.1,16
control,4.069,2.547,895.1,17
control,6.745,7.446,767.1,18
control,4.93,5.417,843.5,19
control,4.34,5.909,851.7,20
control,3.955,3.26,823.8,21
control,4.859,4.763,724.3,22
control,6.508,5.823,982.0,23
control,5.685,3.825,751.2,24
control,5.182,2.112,974.3,25
control,6.589,5.336,1074.8,26
control,6.396,4.95,837.7,27
control,5.334,6.441,931.0,28
control,7.776,4.84,868.1,1
control,4.753,4.913,966.2,2
control,6.098,5.698,804.4,3
control,4.607,6.034,889.5,4
control,5.903,4.291,989.7,5
control,4.752,5.944,896.1,6
control,5.461,4.478,769.7,7
control,7.39,5.017,999.3,8
control,5.952,5.671,796.3,9
control,5.477,5.845,906.3,10
control,4.225,5.318,946.6,11
control,5.188,3.919,909.6,12
control,3.992,3.13,1103.0,13
control,5.887,4.812,958.7,14
control,5.862,5.971,883.8,15
control,4.82,5.45,948.2,16
control,6.664,5.242,916.8,17
control,6.523,4.993,903.5,18
control,5.15,5.309,919.5,19
control,5.566,4.006,865.3,20
control,4.412,5.78,917.0,21
control,4.728,5.846,859.6,22
control,3.922,4.645,748.3,23
control,4.522,5.437,991.2,24
control,4.896,3.283,854.8,25
control,3.34,5.18,911.3,26
control,5.577,4.867,839.2,27
control,6.022,6.259,841.6,28
control,4.992,4.801,816.9,1
control,2.303,5.869,975.9,2
control,4.747,4.609,995.2,3
control,3.607,2.714,902.1,4
control,4.39,4.774,857.1,5
control,6.452,5.197,764.6,6
control,2.566,5.151,963.6,7
control,4.184,5.166,845.9,8
control,5.83,4.494,810.6,9
control,4.298,4.676,902.3,10
control,4.222,3.874,873.3,11
control,7.032,3.003,778.6,12
control,5.378,4.894,789.5,13
control,5.934,4.255,926.9,14
control,5.495,6.08,847.5,15
control,5.162,2.818,940.8,16
control,6.264,5.291,911.7,17
control,6.905,7.121,983.8,18
control,3.316,4.817,833.4,19
control,4.965,4.997,918.6,20
control,4.957,5.426,951.1,21
control,4.571,5.505,849.9,22
control,5.981,4.591,990.2,23
control,5.257,3.992,766.7,24
control,6.925,5.653,833.4,25
control,6.1,3.092,763.7,26
control,6.365,5.832,841.1,27
control,3.801,4.608,887.6,28
control,4.194,5.003,966.5,1
control,4.276,4.474,887.6,2
control,6.323,6.431,852.4,3
control,4.033,5.249,776.1,4
control,4.062,4.678,802.9,5
control,3.879,4.65,924.8,6
control,7.753,4.852,970.5,7
control,4.858,7.397,866.5,8
control,5.53,3.683,996.9,9
control,3.859,6.083,824.0,10
control,5.959,5.568,868.8,11
control,3.226,6.54,875.5,12
control,4.021,5.629,1022.4,13
control,4.269,5.003,910.7,14
control,5.219,6.02,756.1,15
control,4.207,5.23,976.1,16
control,6.524,5.755,1047.7,17
control,5.503,6.428,880.0,18
control,4.31,5.093,828.2,19
control,5.998,4.576,969.1,20
control,4.607,4.356,1057.1,21
control,4.41,5.451,967.9,22
control,5.896,4.122,770.2,23
control,2.547,4.65,960.4,24
control,5.735,4.032,932.3,25
control,4.287,5.508,823.6,26
control,4.285,4.248,1003.1,27
control,6.958,3.713,935.1,28
control,4.469,3.889,1005.2,1
control,5.956,4.429,815.1,2
control,5.279,4.52,931.9,3
control,5.383,5.251,828.4,4
control,4.749,4.838,919.8,5
control,4.697,5.37,1018.2,6
control,6.528,5.451,785.9,7
control,5.93,5.74,790.5,8
control,4.5,3.092,976.4,9
control,3.954,3.873,898.9,10
control,4.416,5.555,993.7,11
control,5.981,5.211,835.4,12
control,6.179,5.977,904.1,13
control,5.555,3.456,955.1,14
control,3.383,4.525,916.8,15
control,5.754,4.704,756.9,16
control,6.304,5.167,1125.8,17
control,5.174,5.036,917.0,18
control,6.98,5.469,792.8,19
control,3.679,4.885,925.1,20
control,5.685,6.372,934.3,21
control,3.98,6.691,979.5,22
control,6.059,3.882,974.2,23
control,5.613,5.045,882.9,24
control,6.801,5.798,762.2,25
control,5.5,5.585,936.9,26
control,4.596,4.592,768.6,27
control,4.509,5.255,997.2,28
control,4.75,3.417,841.4,1
control,4.489,4.981,950.8,2
control,6.347,3.54,847.5,3
control,6.276,5.508,860.6,4
control,3.503,3.884,835.9,5
control,5.038,5.163,957.3,6
control,5.062,5.319,850.3,7
control,4.219,5.076,961.5,8
control,5.438,4.368,852.4,9
control,6.461,4.79,881.5,10
control,5.892,6.181,902.8,11
control,6.347,4.575,912.3,12
control,4.282,5.021,826.1,13
control,5.037,4.443,956.3,14
control,4.234,6.02,878.3,15
control,5.239,5.078,943.5,16
control,5.329,4.236,898.7,17
control,5.96,5.007,946.9,18
control,6.313,4.759,867.1,19
control,5.689,6.393,836.8,20
control,4.14,4.955,934.1,21
control,3.648,3.617,860.5,22
control,5.52,5.499,1016.7,23
control,6.501,6.786,905.4,24
control,4.975,6.197,790.1,25
control,3.473,3.897,853.2,26
control,7.085,4.731,820.1,27
control,5.489,4.969,985.8,28
control,5.171,4.981,961.9,1
control,3.832,5.381,895.1,2
control,5.016,4.656,923.2,3
control,5.687,4.084,893.0,4
control,5.503,5.952,968.8,5
control,4.32,3.876,941.6,6
control,4.943,4.198,956.0,7
control,4.384,3.87,884.7,8
control,6.664,5.612,849.5,9
control,5.895,5.106,953.2,10
control,4.476,5.884,1024.1,11
control,3.832,4.215,988.5,12
control,5.278,3.747,1026.5,13
control,4.507,4.556,913.0,14
control,4.582,4.818,822.4,15
control,3.865,5.209,829.5,16
control,3.989,3.318,1010.4,17
control,5.163,5.479,751.0,18
control,4.733,4.106,1020.4,19
control,7.497,4.353,837.0,20
control,5.594,6.174,1053.9,21
control,3.848,2.817,894.4,22
control,3.464,5.323,957.8,23
control,5.398,5.319,1090.8,24
control,4.603,4.181,873.6,25
control,6.331,4.553,872.2,26
control,5.282,6.221,844.4,27
control,3.017,6.963,819.9,28
control,3.981,6.065,873.6,1
control,4.325,6.886,855.6,2
control,5.442,4.309,800.0,3
control,3.947,3.42,883.2,4
control,5.153,4.947,936.0,5
control,3.664,5.805,828.3,6
control,5.006,3.145,887.0,7
control,5.37,4.074,1012.5,8
control,6.462,4.185,786.4,9
control,5.246,5.357,1054.5,10
control,4.183,5.228,846.1,11
control,6.493,4.225,916.1,12
control,4.817,5.18,1002.3,13
control,5.774,3.855,1026.7,14
control,4.387,4.574,937.6,15
control,5.091,3.735,844.4,16
control,4.199,4.85,837.4,17
control,5.322,4.2,854.0,18
control,5.804,5.69,1051.1,19
control,4.505,4.974,869.3,20
control,4.449,4.773,925.9,21
control,5.357,6.768,816.5,22
control,4.175,5.383,807.5,23
control,3.482,4.632,902.1,24
control,5.353,4.416,874.0,25
control,4.892,3.819,879.9,26
control,4.871,4.934,781.7,27
control,5.521,5.308,894.1,28
control,5.661,3.086,1023.9,1
control,4.839,3.636,831.8,2
control,3.877,4.484,971.8,3
control,4.361,3.902,622.9,4
control,5.585,5.043,835.8,5
control,5.136,5.182,747.2,6
control,4.45,4.878,998.9,7
control,4.216,5.55,970.3,8
control,5.618,4.415,817.3,9
control,4.778,4.954,923.1,10
control,5.753,3.997,996.1,11
control,5.879,5.285,1008.6,12
control,4.687,5.076,867.5,13
control,5.95,3.801,723.3,14
control,5.138,4.845,828.1,15
control,5.268,4.962,961.3,16
control,2.811,5.281,1067.9,17
control,4.029,5.318,895.7,18
control,4.083,4.279,851.5,19
control,4.681,5.764,1091.9,20
control,5.114,5.523,932.5,21
control,5.155,4.275,801.8,22
control,5.286,3.857,890.5,23
control,4.315,4.352,980.0,24
control,5.691,3.528,894.4,25
control,6.809,5.208,963.5,26
control,4.647,6.184,771.6,27
control,4.336,6.422,785.3,28
control,4.315,3.911,841.2,1
control,5.085,5.787,877.4,2
control,4.474,5.085,926.7,3
control,3.27,2.604,950.9,4
control,3.543,4.668,1097.3,5
control,6.02,4.556,840.9,6
control,6.282,6.211,874.9,7
control,6.6,4.129,843.1,8
control,5.226,5.563,986.4,9
control,4.009,4.893,990.7,10
control,4.562,3.554,864.2,11
control,3.509,4.448,1065.3,12
control,3.47,6.532,843.3,13
control,5.255,4.827,982.4,14
control,5.539,5.906,1016.4,15
control,6.958,5.851,791.1,16
control,4.917,4.552,946.2,17
control,3.642,3.717,682.0,18
control,4.878,3.848,965.9,19
control,4.718,6.452,811.9,20
control,4.509,5.152,945.4,21
control,5.344,3.266,960.4,22
control,3.786,5.834,989.6,23
control,5.131,3.213,971.2,24
control,5.652,4.174,904.5,25
control,6.42,5.081,869.6,26
control,5.31,7.52,894.0,27
control,6.043,5.816,810.7,28
control,4.556,4.518,883.1,1
control,4.696,5.028,876.7,2
control,6.348,5.92,836.9,3
control,3.628,6.422,760.7,4
control,4.597,4.752,797.8,5
control,6.128,4.781,648.0,6
control,4.789,4.17,875.4,7
control,4.714,5.665,928.8,8
control,4.735,6.026,685.4,9
control,5.117,3.061,918.9,10
control,6.086,4.603,890.2,11
control,5.924,3.787,805.9,12
control,5.011,5.151,865.5,13
control,6.092,3.762,984.1,14
control,5.342,3.68,822.1,15
control,5.859,6.124,906.3,16
control,3.972,4.834,927.7,17
control,6.739,4.94,834.2,18
control,5.22,5.432,980.7,19
control,2.252,5.971,932.3,20
control,6.66,4.581,879.8,21
control,5.005,4.604,1089.1,22
control,4.605,4.608,981.0,23
control,4.394,6.082,765.1,24
control,5.44,4.932,868.9,25
control,4.112,4.709,1097.3,26
control,4.423,5.391,821.4,27
control,4.447,6.831,905.3,28
control,4.708,5.074,998.5,1
control,4.485,4.731,952.2,2
control,5.853,6.943,963.7,3
treatment,7.719,6.33,970.5,1
treatment,7.27,6.185,912.1,2
treatment,7.333,4.499,845.0,3
treatment,7.146,4.4,945.7,4
treatment,9.373,3.166,877.0,5
treatment,7.084,5.965,870.5,6
treatment,7.841,5.077,1031.6,7
treatment,5.919,3.199,878.8,8
treatment,5.74,6.202,1049.9,9
treatment,7.1,4.663,931.1,10
treatment,6.153,4.786,896.9,11
treatment,4.893,3.487,761.0,12
treatment,5.553,5.492,1083.8,13
treatment,6.513,5.502,909.5,14
treatment,4.15,4.952,723.8,15
treatment,7.114,4.582,991.0,16
treatment,4.325,7.626,905.9,17
treatment,6.0,3.797,833.6,18
treatment,5.107,4.279,986.4,19
treatment,5.049,5.708,701.0,20
treatment,3.797,3.986,851.4,21
treatment,6.008,3.912,885.4,22
treatment,3.812,6.132,979.9,23
treatment,3.657,5.605,1093.7,24
treatment,6.26,5.484,889.9,25
treatment,6.89,5.182,947.7,26
treatment,4.433,4.308,1135.4,27
treatment,6.103,4.747,910.4,28
treatment,6.984,4.921,948.4,1
treatment,8.579,5.846,808.5,2
treatment,6.616,5.426,1070.7,3
treatment,7.045,4.072,851.5,4
treatment,6.853,5.79,932.0,5
treatment,8.01,3.321,929.7,6
treatment,5.781,4.68,917.0,7
treatment,6.269,3.858,874.4,8
treatment,5.651,4.143,929.8,9
treatment,4.958,6.927,1054.1,10
treatment,7.008,3.529,1097.0,11
treatment,6.997,4.181,895.6,12
treatment,5.539,5.51,873.1,13
treatment,3.644,4.53,843.7,14
treatment,4.988,5.156,1130.3,15
treatment,4.267,6.43,920.6,16
treatment,5.19,5.655,1001.4,17
treatment,4.164,4.531,967.1,18
treatment,3.904,4.866,1091.1,19
treatment,2.837,5.531,889.7,20
treatment,5.267,5.635,819.2,21
treatment,2.801,5.021,1062.5,22
treatment,4.78,5.361,984.1,23
treatment,5.794,5.362,947.4,24
treatment,4.378,4.908,1035.9,25
treatment,4.015,4.395,952.1,26
treatment,5.032,5.743,1038.7,27
treatment,4.271,5.292,930.2,28
treatment,6.503,2.919,984.0,1
treatment,6.874,4.174,953.2,2
treatment,7.364,4.519,883.3,3
treatment,7.795,4.799,893.2,4
treatment,7.175,6.204,877.8,5
treatment,8.729,8.202,931.8,6
treatment,7.795,2.541,872.6,7
treatment,5.604,5.304,945.7,8
treatment,4.475,5.07,943.0,9
treatment,5.323,4.82,926.8,10
treatment,4.825,5.543,928.2,11
treatment,5.13,5.15,863.6,12
treatment,5.749,4.639,886.9,13
treatment,4.6,5.029,773.0,14
treatment,4.702,5.557,900.2,15
treatment,4.614,5.461,829.2,16
treatment,4.594,5.189,918.2,17
treatment,5.273,4.417,851.4,18
treatment,4.736,7.819,741.8,19
treatment,6.598,5.36,1094.7,20
treatment,7.779,5.762,891.0,21
treatment,4.532,4.492,1028.7,22
treatment,5.394,5.19,866.8,23
treatment,6.138,5.182,1049.2,24
treatment,4.834,3.088,815.6,25
treatment,4.106,4.283,924.4,26
treatment,6.838,4.265,820.4,27
treatment,5.786,4.4,1123.3,28
treatment,9.635,3.93,889.6,1
treatment,7.881,5.044,977.9,2
treatment,7.158,6.397,946.9,3
treatment,7.856,5.13,907.9,4
treatment,8.409,3.819,952.5,5
treatment,6.849,3.969,1021.5,6
treatment,6.399,4.623,964.8,7
treatment,5.782,3.584,923.3,8
treatment,4.913,5.304,952.6,9
treatment,6.867,6.353,1067.0,10
treatment,4.943,4.424,875.8,11
treatment,6.088,5.076,758.0,12
treatment,5.32,4.571,820.1,13
treatment,7.033,4.37,826.2,14
treatment,5.853,5.19,837.7,15
treatment,5.146,4.337,840.6,16
treatment,4.921,4.192,908.1,17
treatment,5.085,3.381,930.3,18
treatment,4.375,5.065,929.4,19
treatment,3.733,6.067,850.1,20
treatment,5.409,5.707,991.5,21
treatment,4.566,6.492,953.8,22
treatment,4.564,4.325,1039.7,23
treatment,5.011,5.851,979.4,24
treatment,5.152,3.897,881.3,25
treatment,5.107,5.709,1017.1,26
treatment,6.838,6.644,932.4,27
treatment,5.762,5.498,975.4,28
treatment,7.214,6.662,969.1,1
treatment,6.191,4.401,899.8,2
treatment,6.465,4.866,918.5,3
treatment,6.208,4.084,899.2,4
treatment,6.975,5.035,840.1,5
treatment,7.985,5.27,734.1,6
treatment,6.789,5.026,853.1,7
treatment,2.868,4.526,926.3,8
treatment,4.392,4.509,999.0,9
treatment,3.092,5.345,975.3,10
treatment,4.149,4.841,887.1,11
treatment,4.241,3.848,854.2,12
treatment,5.135,3.103,895.3,13
treatment,3.05,4.405,830.0,14
treatment,6.296,3.618,736.5,15
treatment,3.224,4.164,783.3,16
treatment,4.972,4.577,1022.7,17
treatment,4.776,4.854,1062.3,18
treatment,5.925,4.334,971.8,19
treatment,5.452,7.191,905.2,20
treatment,6.287,3.739,795.8,21
treatment,4.739,6.209,896.8,22
treatment,4.635,4.837,960.2,23
treatment,5.513,4.342,978.1,24
treatment,6.129,5.588,966.5,25
treatment,5.925,4.547,1009.2,26
treatment,5.422,4.193,1069.3,27
treatment,5.333,6.79,876.8,28
treatment,5.35,2.806,1140.0,1
treatment,6.752,4.755,744.4,2
treatment,8.335,5.19,846.2,3
treatment,7.488,6.408,926.4,4
treatment,6.965,4.602,955.0,5
treatment,7.555,7.661,895.1,6
treatment,7.522,5.759,869.3,7
treatment,2.978,2.633,1090.6,8
treatment,4.965,3.546,865.4,9
treatment,5.981,5.237,826.4,10
treatment,4.574,3.856,1048.6,11
treatment,5.287,5.548,979.6,12
treatment,7.209,4.546,999.8,13
treatment,5.432,3.804,926.1,14
treatment,2.861,4.035,797.2,15
treatment,3.69,5.852,916.9,16
treatment,4.849,2.977,785.9,17
treatment,4.296,6.045,929.9,18
treatment,5.203,6.075,963.6,19
treatment,4.805,4.669,998.2,20
treatment,6.266,3.596,902.4,21
treatment,4.009,5.556,971.3,22
treatment,4.893,4.514,835.9,23
treatment,5.317,3.485,989.3,24
treatment,5.441,6.909,965.3,25
treatment,5.247,4.116,844.4,26
treatment,2.689,3.528,953.5,27
treatment,5.183,5.285,999.4,28
treatment,6.246,4.932,916.4,1
treatment,7.628,6.486,842.6,2
treatment,7.257,4.619,924.6,3
treatment,7.546,4.63,955.3,4
treatment,6.511,5.335,841.9,5
treatment,7.937,5.2,827.4,6
treatment,9.086,5.23,952.8,7
treatment,5.375,5.272,977.5,8
treatment,7.245,5.165,1086.3,9
treatment,4.472,4.584,964.6,10
treatment,3.915,5.833,810.9,11
treatment,5.089,4.64,1077.3,12
treatment,4.726,5.804,996.5,13
treatment,2.635,6.388,745.6,14
treatment,4.448,4.322,825.5,15
treatment,5.444,7.404,869.7,16
treatment,5.042,4.287,978.7,17
treatment,4.324,4.295,714.9,18
treatment,5.142,5.54,900.2,19
treatment,5.223,5.442,974.0,20
treatment,5.815,5.072,677.6,21
treatment,4.458,5.818,971.2,22
treatment,5.974,5.253,981.1,23
treatment,4.009,7.066,840.6,24
treatment,4.597,4.947,815.4,25
treatment,6.799,4.146,839.3,26
treatment,4.076,4.448,690.9,27
treatment,4.441,5.471,883.3,28
treatment,8.738,5.486,928.0,1
treatment,6.415,5.206,810.0,2
treatment,8.301,4.15,989.7,3
treatment,7.765,6.109,918.4,4
treatment,7.306,6.937,931.3,5
treatment,5.727,5.029,877.0,6
treatment,5.96,6.811,970.9,7
treatment,4.373,5.866,1015.8,8
treatment,3.554,7.219,876.6,9
treatment,5.837,5.473,972.4,10
treatment,5.906,5.137,973.3,11
treatment,5.06,5.842,944.3,12
treatment,5.541,4.566,1047.5,13
treatment,5.976,5.407,850.4,14
treatment,5.201,6.331,875.4,15
treatment,6.494,5.82,846.3,16
treatment,4.076,4.969,969.5,17
treatment,4.751,5.2,887.7,18
treatment,4.632,5.758,852.9,19
treatment,5.747,5.724,1046.4,20
treatment,3.666,5.75,1058.4,21
treatment,6.548,5.339,883.0,22
treatment,5.662,4.175,797.9,23
treatment,6.85,4.335,1062.8,24
treatment,5.059,5.461,948.6,25
treatment,4.55,5.831,944.5,26
treatment,5.757,5.702,918.6,27
treatment,6.131,4.325,844.4,28
treatment,7.31,4.849,876.1,1
treatment,9.561,3.826,965.6,2
treatment,7.116,3.609,873.3,3
treatment,7.79,5.081,945.5,4
treatment,7.966,6.358,911.1,5
treatment,8.901,5.1,823.3,6
treatment,6.689,6.908,1042.9,7
treatment,4.752,4.836,958.7,8
treatment,7.021,5.031,937.1,9
treatment,7.359,4.009,955.5,10
treatment,5.524,4.653,763.0,11
treatment,5.998,3.81,869.6,12
treatment,5.97,3.455,784.8,13
treatment,3.82,3.827,920.2,14
treatment,5.799,5.085,936.7,15
treatment,4.08,4.263,921.6,16
treatment,4.928,4.5,1006.6,17
treatment,6.24,5.41,787.2,18
treatment,5.181,3.451,844.5,19
treatment,6.202,5.081,944.0,20
treatment,6.399,5.848,931.6,21
treatment,3.343,5.935,802.1,22
treatment,2.922,5.517,1008.1,23
treatment,6.262,4.948,1036.5,24
treatment,6.302,4.376,944.9,25
treatment,5.357,4.918,786.3,26
treatment,5.492,6.653,923.1,27
treatment,5.993,5.273,937.9,28
treatment,6.72,4.893,887.7,1
treatment,5.428,5.564,1020.5,2
treatment,7.887,5.05,900.5,3
treatment,6.628,5.226,1082.6,4
treatment,8.131,4.753,974.2,5
treatment,7.298,4.585,932.6,6
treatment,7.25,5.996,985.5,7
treatment,4.357,3.05,1035.5,8
treatment,7.334,5.479,983.7,9
treatment,4.208,4.523,903.8,10
treatment,5.47,3.095,855.9,11
treatment,5.68,4.025,818.0,12
treatment,5.046,4.964,709.9,13
treatment,5.771,5.101,924.3,14
treatment,5.429,5.74,878.2,15
treatment,4.23,5.808,882.6,16
treatment,5.637,3.453,994.4,17
treatment,4.555,5.378,900.8,18
treatment,6.841,5.729,1065.4,19
treatment,5.529,5.219,863.0,20
treatment,4.4,5.502,830.4,21
treatment,5.442,3.067,806.9,22
treatment,4.175,4.01,969.3,23
treatment,5.358,6.366,1004.4,24
treatment,4.874,4.72,861.3,25
treatment,4.273,7.223,822.8,26
treatment,4.261,3.722,1035.5,27
treatment,7.535,6.564,791.1,28
treatment,6.256,4.389,992.8,1
treatment,6.898,5.862,863.2,2
treatment,6.935,4.705,942.6,3
treatment,7.187,5.116,998.3,4
treatment,6.313,5.596,949.1,5
treatment,8.482,4.387,885.8,6
treatment,7.972,5.801,1024.5,7
treatment,5.06,4.734,933.7,8
treatment,4.683,5.178,1212.0,9
treatment,4.209,2.355,770.2,10
treatment,4.709,4.663,769.0,11
treatment,4.63,6.264,991.5,12
treatment,4.492,5.695,907.4,13
treatment,5.377,5.887,975.0,14
treatment,7.326,5.053,819.9,15
treatment,6.432,6.676,914.4,16
treatment,7.042,5.288,947.5,17
treatment,4.532,4.34,865.4,18
treatment,6.775,5.855,929.0,19
treatment,5.327,5.923,798.4,20
treatment,6.086,5.63,942.4,21
treatment,5.558,4.597,1028.5,22
treatment,4.757,5.281,808.5,23
treatment,5.819,6.393,803.6,24
treatment,5.585,5.478,1007.6,25
treatment,3.332,3.522,802.1,26
treatment,4.976,4.371,978.9,27
treatment,5.972,4.325,914.5,28
treatment,8.005,4.246,875.7,1
treatment,5.634,2.889,1030.3,2
treatment,8.833,6.891,986.1,3
treatment,5.933,4.124,932.9,4
treatment,7.347,4.196,733.5,5
treatment,8.119,3.058,968.4,6
treatment,7.859,5.866,822.2,7
treatment,6.015,4.909,891.8,8
treatment,5.445,4.649,910.6,9
treatment,5.345,4.702,1065.6,10
treatment,7.151,5.588,889.2,11
treatment,5.574,4.52,793.3,12
treatment,6.3,3.011,1030.5,13
treatment,5.373,3.708,969.5,14
treatment,4.747,3.657,972.6,15
treatment,4.041,5.275,1032.1,16
treatment,5.341,5.93,1051.3,17
treatment,2.437,6.466,836.9,18
treatment,5.372,3.365,795.9,19
treatment,5.415,5.62,979.1,20
treatment,4.882,4.385,888.5,21
treatment,5.008,7.923,895.9,22
treatment,3.849,6.384,818.0,23
treatment,6.486,6.702,957.9,24
treatment,4.763,5.802,943.0,25
treatment,4.128,5.382,897.2,26
treatment,5.645,4.597,796.2,27
treatment,5.211,4.401,1009.2,28
treatment,6.614,4.2,931.0,1
treatment,7.503,5.618,1001.7,2
treatment,8.938,6.56,737.6,3
treatment,7.65,4.643,914.7,4
treatment,6.421,4.278,851.2,5
treatment,9.678,3.516,913.0,6
treatment,9.262,5.245,987.3,7
treatment,5.128,6.229,940.3,8
treatment,5.502,6.279,911.5,9
treatment,5.251,6.378,911.0,10
treatment,5.69,5.415,782.1,11
treatment,4.656,5.09,835.7,12
treatment,3.961,6.282,1001.9,13
treatment,6.007,3.89,868.5,14
treatment,6.605,4.559,1003.5,15
treatment,4.008,6.711,977.8,16
treatment,5.279,3.925,982.1,17
treatment,4.651,4.966,937.3,18
treatment,5.983,5.631,874.2,19
treatment,5.347,5.083,897.6,20
treatment,8.427,6.149,962.5,21
treatment,4.799,6.526,735.7,22
treatment,6.637,5.48,1012.0,23
treatment,6.735,6.39,869.0,24
treatment,5.634,4.071,902.9,25
treatment,5.137,4.842,903.6,26
treatment,5.195,7.405,906.7,27
treatment,5.11,6.943,802.3,28
treatment,6.876,3.723,922.4,1
treatment,6.496,4.987,958.7,2
treatment,8.36,5.136,742.4,3
treatment,7.34,5.417,803.3,4
treatment,8.121,6.274,983.5,5
treatment,6.148,6.839,968.2,6
treatment,9.047,5.037,934.5,7
treatment,4.466,6.122,854.1,8
treatment,6.13,5.648,968.7,9
treatment,3.516,4.979,811.4,10
treatment,5.124,3.302,898.7,11
treatment,4.974,6.018,802.9,12
treatment,5.188,5.605,896.7,13
treatment,5.183,5.39,825.5,14
treatment,5.023,4.019,972.0,15
treatment,4.712,6.959,945.5,16
treatment,4.991,5.152,863.2,17
treatment,6.463,3.859,999.4,18
treatment,4.521,3.698,831.6,19
treatment,7.355,5.677,907.1,20
treatment,4.465,5.707,859.6,21
treatment,5.34,4.537,970.9,22
treatment,5.671,5.463,962.8,23
treatment,4.808,5.668,1016.8,24
treatment,6.482,5.14,916.8,25
treatment,5.645,4.299,667.3,26
treatment,4.895,5.961,874.7,27
treatment,6.471,5.838,1038.4,28
treatment,7.885,5.568,883.4,1
treatment,7.62,4.166,752.8,2
treatment,6.821,3.669,946.8,3
treatment,7.047,5.077,953.0,4
treatment,5.453,5.93,850.4,5
treatment,8.29,6.04,889.8,6
treatment,6.233,5.584,840.5,7
treatment,6.231,4.55,952.9,8
treatment,5.34,4.196,914.6,9
treatment,4.228,4.983,814.4,10
treatment,4.17,4.993,909.2,11
treatment,6.613,6.107,849.9,12
treatment,4.381,4.52,1029.8,13
treatment,5.373,4.603,983.3,14
treatment,6.451,7.055,900.0,15
treatment,5.642,6.551,916.6,16
treatment,4.342,4.117,993.1,17
treatment,4.084,6.469,895.8,18
treatment,6.97,3.878,972.2,19
treatment,4.059,4.566,1031.1,20
treatment,4.547,4.68,869.7,21
treatment,5.473,4.922,1045.0,22
treatment,4.881,5.62,1021.1,23
treatment,5.674,5.106,930.4,24
treatment,3.632,5.615,873.6,25
treatment,4.89,4.598,929.4,26
treatment,5.778,5.374,890.0,27
treatment,5.781,5.079,845.0,28
treatment,8.426,3.612,953.6,1
treatment,6.363,5.483,826.1,2
treatment,7.872,5.096,882.2,3
treatment,8.277,4.286,883.3,4
treatment,6.999,4.575,798.0,5
treatment,7.334,4.6,964.0,6
treatment,8.499,4.755,891.3,7
treatment,4.045,6.759,1016.5,8
treatment,4.467,7.09,889.9,9
treatment,3.538,2.274,876.7,10
treatment,5.595,5.488,835.8,11
treatment,4.297,5.955,913.2,12
treatment,5.5,4.784,913.7,13
treatment,5.638,5.928,970.8,14
treatment,6.066,6.654,915.5,15
treatment,5.352,3.628,1081.7,16
treatment,6.225,5.134,947.4,17
treatment,6.486,6.957,829.1,18
treatment,5.358,3.762,822.1,19
treatment,5.419,4.885,953.9,20
treatment,4.543,4.552,826.5,21
treatment,4.112,6.052,958.8,22
treatment,6.382,6.191,983.4,23
treatment,5.706,5.162,985.4,24
treatment,5.787,5.032,838.7,25
treatment,4.509,3.281,985.6,26
treatment,6.724,6.423,936.5,27
treatment,4.871,4.647,860.2,28
treatment,9.015,4.858,896.9,1
treatment,7.789,5.972,948.6,2
treatment,7.618,5.198,854.8,3
treatment,6.393,6.004,934.8,4
treatment,9.086,5.603,1028.5,5
treatment,7.996,5.204,989.1,6
treatment,7.636,5.31,916.7,7
treatment,4.367,3.877,929.2,8
treatment,4.019,4.851,865.9,9
treatment,3.427,6.084,868.2,10
treatment,5.197,4.101,783.9,11
treatment,5.828,4.285,930.6,12
treatment,6.619,4.12,966.0,13
treatment,3.206,5.153,904.2,14
treatment,3.775,6.403,838.1,15
treatment,4.98,5.547,915.4,16
treatment,7.888,2.823,1020.0,17
treatment,5.986,5.649,983.6,18
treatment,5.473,4.558,907.6,19
treatment,3.875,5.509,1077.9,20
treatment,2.98,4.85,1131.3,21
treatment,5.139,4.14,870.6,22
treatment,5.001,4.929,889.8,23
treatment,4.832,4.559,966.9,24
treatment,4.72,5.308,835.1,25
treatment,4.352,4.114,979.6,26
treatment,4.122,3.875,918.3,27
treatment,6.49,5.732,940.5,28
treatment,9.34,6.109,862.8,1
treatment,8.427,5.58,845.4,2
treatment,9.383,4.351,747.2,3
treatment,8.374,4.26,1031.8,4
treatment,8.18,4.318,987.2,5
treatment,7.87,5.89,965.2,6
treatment,7.314,4.175,938.6,7
treatment,4.938,5.884,721.1,8
treatment,6.743,5.637,848.4,9
treatment,4.131,6.238,889.0,10
treatment,5.821,6.063,821.3,11
treatment,6.105,5.543,771.1,12
treatment,5.41,3.531,829.9,13
treatment,4.982,5.61,914.0,14
treatment,7.226,5.115,914.1,15
treatment,5.086,4.627,984.4,16
treatment,5.304,6.362,1079.2,17
treatment,4.763,4.849,966.2,18
treatment,5.251,4.471,895.6,19
treatment,6.064,6.124,1057.6,20
treatment,4.825,4.595,780.3,21
treatment,2.991,4.421,739.5,22
treatment,5.614,3.873,837.3,23
treatment,4.022,4.18,976.6,24
treatment,5.842,4.266,923.8,25
treatment,5.099,5.621,817.5,26
treatment,6.043,3.981,850.4,27
treatment,4.152,3.142,808.2,28
treatment,8.191,5.303,808.2,1
treatment,5.199,4.366,1037.2,2
treatment,8.011,4.984,898.2,3
treatment,9.256,6.282,1055.1,4
treatment,6.372,5.072,837.0,5
treatment,7.427,6.51,950.3,6
treatment,7.318,4.932,928.6,7
treatment,4.901,6.007,982.1,8
treatment,5.445,4.453,930.9,9
treatment,5.418,5.108,990.8,10
treatment,4.7,4.067,955.4,11
treatment,5.398,4.186,820.5,12
treatment,5.831,4.775,970.1,13
treatment,4.155,3.671,901.5,14
treatment,5.446,5.159,846.3,15
treatment,2.474,4.697,966.9,16
treatment,3.17,5.235,985.6,17
treatment,5.665,3.687,870.3,18
treatment,4.682,5.702,881.3,19
treatment,4.247,6.698,796.3,20
treatment,5.047,6.487,762.0,21
treatment,4.704,6.904,890.1,22
treatment,4.111,5.042,974.9,23
treatment,3.461,4.648,863.0,24
treatment,3.132,5.488,1027.1,25
treatment,5.839,4.762,893.2,26
treatment,4.678,3.26,893.5,27
treatment,6.07,5.819,886.3,28
treatment,6.961,4.766,990.5,1
treatment,7.652,3.533,831.4,2
treatment,7.216,4.492,899.4,3
treatment,8.228,4.788,865.1,4
treatment,8.019,5.012,864.0,5
treatment,7.127,5.024,912.9,6
treatment,7.978,6.369,900.7,7
treatment,5.866,3.711,996.2,8
treatment,6.694,4.848,909.1,9
treatment,6.759,4.121,955.5,10
treatment,4.547,6.256,924.2,11
treatment,4.367,4.439,1025.1,12
treatment,4.546,4.656,885.2,13
treatment,4.924,6.05,885.4,14
treatment,5.048,6.325,971.1,15
treatment,4.102,6.473,884.1,16
treatment,3.62,3.357,950.9,17
treatment,5.15,5.483,1101.7,18
treatment,1.57,5.27,829.7,19
treatment,4.999,4.949,1035.6,20
treatment,4.155,5.067,869.6,21
treatment,5.88,6.286,1019.7,22
treatment,6.148,6.039,966.3,23
treatment,6.171,5.897,959.2,24
treatment,4.754,5.207,897.6,25
treatment,3.965,7.271,889.5,26
treatment,4.285,4.599,850.8,27
treatment,5.388,3.384,910.5,28
treatment,7.773,4.735,894.9,1
treatment,7.709,5.058,925.7,2
treatment,6.907,6.303,794.3,3
treatment,8.523,4.489,911.9,4
treatment,7.91,5.491,1013.5,5
treatment,8.534,3.523,987.4,6
treatment,6.762,6.081,911.9,7
treatment,6.121,5.068,1120.1,8
treatment,4.94,4.719,862.7,9
treatment,5.671,7.132,902.9,10
treatment,5.163,6.07,791.1,11
treatment,5.568,3.96,876.9,12
treatment,4.763,4.891,1056.6,13
treatment,4.896,7.736,880.0,14
treatment,5.008,6.979,784.7,15
treatment,5.506,5.923,981.5,16
treatment,5.532,3.153,941.9,17
treatment,7.911,6.332,978.1,18
treatment,6.782,4.365,885.6,19
treatment,3.321,6.324,827.4,20
treatment,4.957,4.277,894.9,21
treatment,4.694,5.489,955.5,22
treatment,6.38,4.36,904.1,23
treatment,4.784,4.637,941.8,24
treatment,5.564,5.622,866.0,25
treatment,2.763,3.681,944.9,26
treatment,3.586,7.372,909.8,27
treatment,7.192,3.973,852.1,28
treatment,5.333,3.917,921.5,1
treatment,7.101,5.625,878.3,2
treatment,8.565,6.292,960.6,3
treatment,7.348,4.676,981.6,4
treatment,7.404,3.929,951.1,5
treatment,7.778,4.078,775.9,6
treatment,6.498,3.97,830.9,7
treatment,4.684,5.308,857.8,8
treatment,6.221,4.93,844.7,9
treatment,5.564,5.426,865.5,10
treatment,5.739,5.365,985.9,11
treatment,5.074,5.824,967.3,12
treatment,5.923,4.59,875.2,13
treatment,4.226,4.262,958.5,14
treatment,4.367,5.156,937.0,15
treatment,5.508,4.945,907.3,16
treatment,4.821,5.253,1004.2,17
treatment,5.086,4.288,855.8,18
treatment,4.936,5.642,914.3,19
treatment,6.353,3.822,823.8,20
treatment,6.406,4.56,827.8,21
treatment,4.474,6.129,798.4,22
treatment,3.34,3.869,829.2,23
treatment,4.389,6.05,916.8,24
treatment,4.203,3.591,885.2,25
treatment,5.932,3.415,887.9,26
treatment,6.02,3.506,885.5,27
treatment,4.069,5.117,1055.4,28
treatment,6.317,5.73,816.8,1
treatment,7.772,6.293,808.0,2
treatment,8.568,6.213,840.7,3
treatment,7.239,5.863,904.1,4
treatment,8.477,4.168,952.2,5
treatment,8.045,4.159,960.7,6
treatment,8.328,5.788,987.5,7
treatment,3.558,6.421,901.1,8
treatment,4.474,3.969,877.5,9
treatment,6.049,6.294,1043.9,10
treatment,4.561,3.08,681.7,11
treatment,3.472,5.39,915.1,12
treatment,5.908,4.896,945.3,13
treatment,4.523,4.796,1063.6,14
treatment,6.163,5.031,773.8,15
treatment,5.082,4.146,875.5,16
treatment,4.823,5.446,798.7,17
treatment,6.463,5.061,762.5,18
treatment,3.797,5.935,893.2,19
treatment,6.534,6.59,978.3,20
treatment,4.461,5.127,1008.9,21
treatment,5.262,4.181,866.4,22
treatment,5.272,3.862,964.7,23
treatment,4.673,6.698,893.8,24
treatment,4.338,6.57,955.6,25
treatment,4.73,5.887,1004.7,26
treatment,4.085,5.06,894.1,27
treatment,7.062,5.815,998.3,28
treatment,9.344,6.304,810.5,1
treatment,7.898,4.382,963.8,2
treatment,6.923,5.03,994.8,3
treatment,7.961,3.894,986.3,4
treatment,9.445,4.871,812.8,5
treatment,8.156,6.544,893.1,6
treatment,8.446,6.079,934.8,7
treatment,5.2,5.135,946.3,8
treatment,3.533,2.307,919.5,9
treatment,3.282,4.344,1027.2,10
treatment,6.609,5.102,803.8,11
treatment,2.465,4.784,890.3,12
treatment,5.296,5.033,771.6,13
treatment,4.865,5.243,960.9,14
treatment,5.261,4.466,955.5,15
treatment,3.96,4.992,1184.6,16
treatment,5.451,4.851,994.2,17
treatment,5.306,4.297,937.2,18
treatment,7.861,6.846,930.9,19
treatment,5.23,4.524,884.0,20
treatment,6.448,2.746,920.7,21
treatment,3.601,6.783,932.7,22
treatment,6.12,4.154,748.9,23
treatment,5.326,5.9,926.1,24
treatment,5.37,4.319,918.3,25
treatment,5.384,5.569,1053.8,26
treatment,6.806,4.952,899.2,27
treatment,5.355,6.0,847.2,28
treatment,9.342,4.786,932.0,1
treatment,6.579,4.345,916.1,2
treatment,6.184,5.257,899.3,3
treatment,7.826,4.618,805.1,4
treatment,7.742,3.071,897.2,5
treatment,6.298,4.398,862.5,6
treatment,7.483,7.869,892.2,7
treatment,5.538,3.179,970.0,8
treatment,4.294,5.241,854.7,9
treatment,4.819,4.757,891.9,10
treatment,4.555,6.836,954.4,11
treatment,6.619,3.889,887.9,12
treatment,5.502,5.101,1124.0,13
treatment,6.361,5.686,930.4,14
treatment,7.995,4.821,808.2,15
treatment,5.147,4.232,841.2,16
treatment,6.602,4.978,832.9,17
treatment,4.401,4.691,842.3,18
treatment,6.355,4.688,954.0,19
treatment,4.292,5.931,819.3,20
treatment,5.082,5.403,882.8,21
treatment,5.637,5.552,1003.7,22
treatment,5.794,5.33,867.4,23
treatment,3.827,5.96,965.1,24
treatment,4.233,6.304,772.0,25
treatment,5.711,4.713,879.6,26
treatment,4.732,5.819,837.4,27
treatment,3.703,3.704,934.6,28
treatment,5.91,2.747,825.1,1
treatment,8.85,6.826,1079.7,2
treatment,8.439,4.667,775.6,3
treatment,7.176,5.252,1003.1,4
treatment,7.422,3.775,982.0,5
treatment,8.892,3.729,935.4,6
treatment,5.528,4.287,914.5,7
treatment,6.028,5.643,1062.1,8
treatment,4.557,4.483,1112.6,9
treatment,4.705,4.664,893.0,10
treatment,3.596,4.255,922.9,11
treatment,5.071,6.166,864.7,12
treatment,5.445,5.869,814.1,13
treatment,3.125,4.516,948.0,14
treatment,4.03,5.684,930.5,15
treatment,3.678,4.755,778.0,16
treatment,5.888,4.662,947.4,17
treatment,3.188,4.95,933.2,18
treatment,5.021,5.643,860.7,19
treatment,5.818,4.108,855.3,20
treatment,5.288,5.502,944.7,21
treatment,4.66,7.498,1041.9,22
treatment,5.446,5.183,942.7,23
treatment,6.137,5.036,974.0,24
treatment,4.992,4.916,841.8,25
treatment,2.861,5.478,876.0,26
treatment,6.248,3.39,959.9,27
treatment,5.5,6.701,798.6,28
treatment,6.495,5.981,927.0,1
treatment,8.358,4.355,950.5,2
treatment,7.757,5.032,906.8,3
treatment,6.348,4.443,936.2,4
treatment,7.784,5.299,914.7,5
treatment,9.419,5.061,859.0,6
treatment,8.696,5.229,813.4,7
treatment,4.63,3.972,902.6,8
treatment,5.84,4.518,1017.0,9
treatment,5.356,6.146,994.0,10
treatment,4.604,4.466,881.7,11
treatment,4.478,2.357,880.0,12
treatment,4.645,4.849,873.9,13
treatment,4.853,7.411,874.0,14
treatment,5.684,5.849,933.6,15
treatment,4.057,4.416,996.7,16
treatment,6.558,4.949,1095.6,17
treatment,5.685,5.68,842.0,18
treatment,2.362,3.244,963.4,19
treatment,5.185,4.144,954.5,20
treatment,6.141,5.398,883.0,21
treatment,5.489,6.594,825.9,22
treatment,4.688,4.561,932.6,23
treatment,5.039,6.567,1083.8,24
treatment,5.278,4.246,932.1,25
treatment,5.87,1.614,845.4,26
treatment,3.685,5.744,897.1,27
treatment,4.495,5.54,816.5,28
treatment,7.286,5.736,911.5,1
treatment,8.63,5.697,966.0,2
treatment,6.854,5.192,853.2,3
treatment,8.352,4.741,643.0,4
treatment,8.883,4.779,932.7,5
treatment,8.716,4.54,868.9,6
treatment,7.68,4.6,848.4,7
treatment,6.199,3.189,847.7,8
treatment,6.339,3.786,942.8,9
treatment,7.372,4.837,876.6,10
treatment,5.063,2.759,986.3,11
treatment,5.588,2.992,988.1,12
treatment,4.388,4.666,887.8,13
treatment,2.593,4.872,867.3,14
treatment,5.06,4.687,920.5,15
treatment,3.946,2.62,898.1,16
treatment,5.743,6.552,766.3,17
treatment,3.219,3.564,1067.0,18
treatment,4.361,4.182,968.6,19
treatment,5.368,3.738,872.0,20
treatment,5.472,6.299,752.9,21
treatment,5.053,5.421,895.2,22
treatment,6.967,4.527,861.8,23
treatment,6.669,4.456,905.0,24
treatment,4.416,5.18,732.6,25
treatment,6.709,3.753,871.3,26
treatment,6.862,5.381,876.3,27
treatment,4.976,4.451,894.2,28
treatment,6.86,5.52,890.6,1
treatment,5.767,5.486,914.3,2
treatment,6.098,4.406,1034.7,3
treatment,8.432,2.947,867.8,4
treatment,6.145,4.753,835.3,5
treatment,8.688,3.551,768.4,6
treatment,7.57,5.079,868.1,7
treatment,4.174,4.743,795.1,8
treatment,4.342,4.412,988.7,9
treatment,4.936,3.704,902.1,10
treatment,6.013,6.187,987.0,11
treatment,4.24,4.546,1030.2,12
treatment,6.002,7.353,839.1,13
treatment,5.297,5.035,881.5,14
treatment,5.243,5.352,1019.2,15
treatment,6.126,5.039,925.5,16
treatment,5.943,5.342,952.8,17
treatment,3.695,6.093,994.7,18
treatment,4.016,6.104,983.5,19
treatment,4.87,3.233,943.6,20
treatment,5.456,5.855,1024.5,21
treatment,6.465,5.497,904.4,22
treatment,5.165,5.036,952.6,23
treatment,6.804,6.713,895.5,24
treatment,4.393,6.753,993.7,25
treatment,4.562,5.905,852.5,26
treatment,4.794,4.456,772.0,27
treatment,4.283,3.808,963.7,28
treatment,7.297,5.754,826.3,1
treatment,7.704,6.36,818.2,2
treatment,6.775,2.971,1013.7,3
treatment,7.9,6.086,989.2,4
treatment,8.115,4.745,881.9,5
treatment,8.043,3.191,660.3,6
treatment,7.349,5.469,953.7,7
treatment,5.18,5.909,964.3,8
treatment,6.269,4.649,952.4,9
treatment,7.519,3.943,948.6,10
treatment,5.502,6.712,895.1,11
treatment,5.052,4.331,876.3,12
treatment,6.002,6.159,819.3,13
treatment,6.284,3.487,852.8,14
treatment,5.061,5.416,936.4,15
treatment,4.616,5.388,937.7,16
treatment,6.817,5.873,974.8,17
treatment,4.829,6.493,794.7,18
treatment,6.294,4.186,773.9,19
treatment,5.363,5.521,878.9,20
treatment,6.927,3.633,826.4,21
treatment,4.251,3.622,925.3,22
treatment,4.249,4.422,802.6,23
treatment,5.954,5.409,1006.8,24
treatment,3.97,6.677,842.6,25
treatment,5.217,6.859,1040.6,26
treatment,6.648,4.645,953.0,27
treatment,3.315,5.306,823.5,28
treatment,8.114,5.943,1081.8,1
treatment,8.475,5.765,931.8,2
treatment,7.554,4.831,923.6,3
