variant,revenue,pre_revenue,page_load_ms,support_ticket
control,48.72,49.48,1145.6,0
control,29.59,25.28,1125.1,1
control,62.52,57.51,1037.3,0
control,105.06,60.93,1186.3,0
control,24.59,8.88,933.6,0
control,13.51,20.56,1174.8,0
control,60.66,46.3,1045.1,0
control,34.68,38.31,1372.5,0
control,37.85,43.7,836.9,0
control,43.57,28.65,897.3,0
control,59.98,59.83,1030.3,0
control,61.76,58.0,1027.7,0
control,46.27,45.19,1214.0,0
control,68.36,64.29,899.8,0
control,58.67,52.42,1088.6,0
control,3.63,28.53,1119.5,0
control,60.42,50.64,1064.6,0
control,15.35,26.74,864.7,0
control,39.33,59.81,1148.9,0
control,43.34,43.1,1127.5,0
control,43.09,40.67,1052.0,0
control,23.99,31.74,1004.5,0
control,76.86,66.01,1007.1,0
control,23.63,41.22,970.6,0
control,32.19,36.29,1056.9,0
control,30.96,37.66,983.7,0
control,53.14,53.58,878.2,0
control,54.94,50.58,854.2,0
control,37.7,51.43,889.8,0
control,62.25,51.75,1006.7,0
control,81.33,82.55,976.8,0
control,11.76,36.68,1005.8,0
control,9.08,34.78,1040.1,0
control,31.33,29.35,904.7,0
control,52.09,55.09,1155.9,0
control,62.23,64.32,947.9,0
control,42.7,41.95,928.0,0
control,34.22,28.88,1037.9,0
control,44.59,29.16,759.6,0
control,40.2,55.71,885.1,0
control,40.88,57.38,1097.7,0
control,38.67,53.78,771.5,0
control,38.0,32.02,1114.1,0
control,66.25,48.18,1161.3,0
control,40.87,46.1,935.7,0
control,13.58,47.94,1015.0,0
control,35.55,59.69,1114.3,0
control,37.02,48.02,924.0,0
control,48.41,56.22,1084.1,0
control,40.38,45.22,899.5,0
control,50.31,49.2,922.7,0
control,51.07,55.36,884.1,0
control,35.54,17.77,1021.1,1
control,30.22,38.25,1119.0,0
control,25.12,35.53,957.9,0
control,41.1,32.5,827.5,0
control,18.92,39.05,850.1,0
control,75.19,70.91,1027.4,0
control,32.08,28.42,1201.3,0
control,58.95,61.43,1027.2,0
control,39.35,13.71,933.6,0
control,30.72,37.97,1071.9,0
control,76.52,46.93,951.3,0
control,51.53,54.55,934.6,1
control,38.88,56.8,865.0,1
control,59.1,58.28,1149.0,0
control,24.14,37.72,675.3,0
control,26.8,35.68,1075.7,0
control,64.75,59.44,924.4,0
control,49.59,40.56,930.8,0
control,15.14,21.04,1183.1,0
control,40.04,23.6,894.3,0
control,45.96,27.45,898.4,0
control,73.32,52.95,964.4,0
control,54.75,46.56,1029.7,0
control,75.5,56.43,927.0,0
control,11.57,36.31,791.1,0
control,43.15,46.85,876.1,0
control,43.2,55.26,1133.8,0
control,41.53,38.43,989.0,0
control,44.54,52.22,1034.1,0
control,31.69,32.09,948.6,0
control,65.32,37.47,900.9,0
control,36.28,37.13,1181.3,0
control,30.97,22.47,957.4,0
control,49.79,52.77,926.8,0
control,38.27,35.55,1111.5,0
control,45.27,44.22,893.3,0
control,59.22,52.65,908.6,0
control,68.69,52.04,981.2,0
control,79.06,55.98,980.0,0
control,47.68,42.23,1011.2,0
control,46.22,36.38,1231.0,0
control,27.55,42.57,1020.3,0
control,15.81,13.63,694.6,0
control,34.18,17.95,1019.2,0
control,35.2,20.19,984.5,0
control,31.43,26.05,985.2,0
control,64.01,51.2,1009.5,0
control,36.86,27.7,976.6,0
control,55.52,37.19,973.7,0
control,70.55,67.39,1053.6,0
control,34.1,37.59,915.0,0
control,61.9,57.28,866.3,0
control,0.0,27.19,1342.9,0
control,46.94,40.3,894.1,0
control,0.0,26.9,992.0,0
control,15.24,37.9,800.5,0
control,65.22,59.13,994.0,0
control,23.06,12.91,868.0,0
control,35.9,51.82,926.9,0
control,38.95,48.28,1105.4,0
control,54.33,33.31,1036.6,0
control,14.26,17.97,1048.2,0
control,77.58,45.3,767.5,0
control,36.18,34.47,1200.4,0
control,54.55,48.19,837.0,0
control,67.98,44.39,1163.4,0
control,73.34,72.83,1102.6,0
control,26.98,39.69,1049.3,0
control,26.49,25.58,877.4,0
control,47.45,47.23,998.2,0
control,29.52,47.96,923.5,0
control,63.91,68.47,983.5,0
control,48.42,59.03,950.0,0
control,63.83,50.42,735.4,0
control,69.7,70.34,1114.6,0
control,21.33,22.6,970.3,0
control,32.9,32.48,921.8,1
control,32.76,27.32,912.8,0
control,47.16,36.98,1023.0,0
control,8.19,19.22,872.7,0
control,40.92,55.43,709.4,0
control,56.77,40.0,1028.9,1
control,14.85,17.53,1042.3,0
control,8.33,25.72,956.0,0
control,56.39,49.64,842.3,0
control,65.35,59.09,990.7,0
control,56.62,79.94,804.3,0
control,96.45,96.45,856.7,0
control,62.14,51.46,889.9,0
control,33.83,26.19,1081.3,0
control,18.52,5.62,936.5,0
control,29.75,48.82,926.3,0
control,36.15,29.37,1214.6,0
control,33.87,36.52,1022.3,0
control,28.08,32.98,1020.7,0
control,54.84,41.47,935.6,0
control,83.34,63.19,908.4,0
control,72.7,46.83,717.6,0
control,60.76,41.14,1096.2,0
control,26.29,25.36,1033.8,0
control,22.19,13.86,958.5,0
control,47.66,35.25,963.5,0
control,45.79,43.03,1068.3,0
control,76.09,75.82,793.4,0
control,58.67,46.34,909.2,0
control,60.42,61.69,843.6,1
control,26.5,35.01,1192.6,0
control,19.55,22.67,1085.1,0
control,37.87,26.63,715.7,0
control,33.01,30.95,798.3,0
control,84.99,82.31,964.1,0
control,40.76,29.22,923.3,0
control,53.62,59.09,821.1,0
control,40.62,27.75,1213.4,0
control,65.71,60.77,1017.5,0
control,34.07,50.93,1037.0,0
control,62.58,41.18,897.0,0
control,37.29,43.27,1066.7,0
control,10.97,32.21,934.3,0
control,37.74,52.03,946.0,0
control,23.15,35.81,1053.3,0
control,25.41,21.94,784.5,0
control,19.98,21.0,1171.6,0
control,43.12,47.11,1001.9,0
control,79.81,72.42,1133.7,0
control,52.39,46.88,850.9,0
control,47.44,41.86,869.2,0
control,55.45,49.14,840.6,0
control,75.23,67.51,1010.0,0
control,19.1,47.95,987.9,0
control,33.07,36.6,924.3,0
control,32.78,63.91,858.3,0
control,52.59,51.72,828.0,0
control,70.35,71.64,974.2,0
control,62.65,47.3,924.1,0
control,41.33,21.96,897.7,0
control,25.16,19.37,1165.7,0
control,65.31,73.72,970.1,0
control,80.32,75.03,1132.4,0
control,34.62,40.77,916.0,0
control,38.61,37.1,1009.4,0
control,82.99,70.31,973.3,0
control,18.84,24.07,776.3,0
control,41.44,27.89,1151.4,0
control,65.12,55.58,963.8,0
control,25.08,36.9,1069.6,0
control,58.53,43.91,889.8,0
control,52.05,41.06,960.2,0
control,52.0,50.08,876.0,0
control,57.62,69.33,1128.3,0
control,34.45,45.63,1017.4,0
control,48.12,55.59,1024.0,0
control,18.63,7.1,1143.0,0
control,30.79,43.12,1118.8,1
control,37.14,28.82,1071.8,0
control,7.41,22.06,809.4,0
control,27.58,28.19,896.5,0
control,40.98,37.99,859.5,0
control,94.38,60.49,1067.3,0
control,3.73,20.12,1000.5,0
control,66.1,44.55,813.1,0
control,39.06,35.28,957.4,0
control,45.31,38.1,800.7,0
control,63.24,62.05,973.6,0
control,60.12,53.69,781.4,0
control,64.98,68.07,1043.5,0
control,62.78,41.22,1025.4,0
control,27.06,31.47,1209.0,0
control,57.12,39.97,1081.7,0
control,39.97,48.36,929.3,0
control,47.06,47.18,1078.2,0
control,12.02,24.48,812.3,0
control,52.85,45.63,864.5,0
control,68.99,48.11,1020.0,0
control,85.59,89.31,721.0,0
control,73.3,77.78,975.5,0
control,15.25,28.64,857.6,0
control,37.01,38.83,992.2,0
control,0.0,17.66,850.7,0
control,22.42,33.37,1030.9,0
control,53.38,49.68,982.3,0
control,83.42,65.71,1148.0,0
control,72.24,30.88,980.8,0
control,25.94,32.23,887.8,0
control,29.52,5.35,950.4,0
control,45.7,41.07,818.7,0
control,25.27,24.88,1028.7,0
control,42.27,34.47,1050.8,0
control,31.33,28.22,1276.3,0
control,44.96,42.3,905.4,0
control,10.16,12.36,947.9,0
control,1.11,17.59,910.9,0
control,58.63,82.33,1005.5,0
control,32.81,20.83,1025.8,1
control,22.94,24.26,973.6,0
control,67.05,77.06,1110.4,0
control,93.21,96.29,906.0,0
control,36.71,22.91,1098.3,0
control,41.41,37.37,1044.6,0
control,41.45,50.15,978.6,1
control,90.78,75.12,942.2,0
control,50.75,26.24,1271.2,0
control,47.84,39.58,882.0,0
control,71.48,57.99,1015.8,0
control,69.57,51.83,890.0,0
control,54.57,37.23,1194.3,1
control,51.36,41.59,1086.4,0
control,30.59,19.25,898.6,0
control,48.31,39.71,1041.5,0
control,25.21,39.21,1010.9,0
control,58.63,48.18,918.0,0
control,16.8,34.0,1071.0,0
control,41.66,52.49,1026.7,0
control,80.0,62.23,1005.9,0
control,59.32,46.8,975.0,0
control,71.63,50.33,1031.7,0
control,42.06,44.96,1007.5,0
control,28.85,44.0,987.1,0
control,29.66,31.01,903.1,0
control,51.65,49.7,1183.3,0
control,44.47,42.25,853.9,0
control,95.51,81.68,1031.3,0
control,65.98,72.32,941.6,0
control,56.3,50.95,1191.1,0
control,18.5,30.26,871.6,0
control,32.86,23.98,891.8,0
control,64.75,65.44,863.6,0
control,38.83,48.73,1018.8,0
control,49.63,52.64,815.2,0
control,13.51,12.6,922.6,0
control,56.56,60.69,721.7,0
control,77.3,52.18,1008.9,0
control,25.21,24.01,920.0,0
control,33.76,35.51,801.4,0
control,19.98,48.75,1110.3,0
control,33.33,44.94,823.1,0
control,36.46,38.74,1075.6,0
control,33.66,42.14,895.9,0
control,60.15,39.46,1172.2,0
control,45.2,46.75,1069.9,0
control,87.39,70.49,859.0,0
control,3.34,-2.2,870.0,0
control,41.58,39.74,1052.7,0
control,46.66,47.18,948.5,0
control,49.93,49.33,959.7,0
control,62.88,37.31,1132.7,0
control,0.0,12.38,890.2,0
control,22.39,49.9,991.0,0
control,65.98,75.09,1094.6,0
control,19.78,16.39,1077.1,0
control,68.95,59.55,960.8,0
control,46.16,38.09,945.3,0
control,38.59,42.9,771.3,0
control,41.81,25.05,853.3,0
control,53.86,37.98,1018.2,0
control,69.09,67.4,963.5,0
control,68.11,54.49,989.0,0
control,77.48,75.18,1104.7,0
control,56.62,65.19,837.5,0
control,62.02,51.9,951.7,0
control,75.41,75.39,1002.6,0
control,52.27,51.9,895.5,0
control,79.31,58.9,1151.8,0
control,5.76,38.66,1089.0,0
control,26.23,45.2,1014.8,0
control,16.81,31.45,1195.3,0
control,56.28,61.81,800.1,0
control,21.9,22.79,979.1,0
control,36.83,58.08,1024.0,0
control,28.03,40.57,870.3,0
control,52.32,65.08,1016.1,0
control,91.82,57.52,847.2,0
control,100.35,76.77,1062.9,0
control,51.32,57.15,1106.9,0
control,13.86,15.7,1012.7,0
control,27.78,42.79,757.7,0
control,0.0,22.9,864.0,0
control,34.76,34.67,1047.8,0
control,56.04,71.2,982.5,1
control,54.35,55.48,656.7,0
control,11.0,31.42,1129.1,0
control,17.53,25.75,996.4,0
control,47.6,44.59,881.7,0
control,29.96,22.1,1099.4,0
control,39.71,31.92,898.7,0
control,31.66,49.62,897.4,0
control,76.08,64.8,1023.0,0
control,43.86,54.96,1193.7,0
control,15.9,2.76,1174.8,0
control,49.87,49.48,1023.2,0
control,26.9,45.3,1035.5,0
control,47.41,51.45,1075.0,0
control,76.86,73.09,829.2,0
control,19.39,6.86,1057.3,0
control,33.22,33.36,891.9,1
control,76.21,54.64,1018.2,0
control,32.89,15.53,952.7,0
control,65.83,70.57,1040.1,0
control,61.58,50.63,994.2,0
control,86.07,59.24,611.2,0
control,62.97,33.72,1001.5,0
control,41.26,58.65,1057.1,0
control,49.7,63.23,1033.5,0
control,69.63,48.19,967.7,0
control,34.05,48.22,1177.1,0
control,30.94,48.87,1017.4,0
control,23.88,28.46,1032.5,0
control,48.42,41.34,1105.3,0
control,41.02,41.25,1023.5,0
control,42.22,50.9,872.2,0
control,52.1,62.0,687.4,0
control,17.48,24.95,922.7,0
control,30.6,41.75,1071.3,1
control,101.46,70.67,937.6,0
control,36.83,30.62,1076.1,0
control,43.78,29.2,997.8,0
control,41.48,47.64,1134.6,0
control,56.36,59.2,944.6,0
control,35.18,44.21,1036.1,0
control,29.86,67.92,1040.7,0
control,39.88,59.42,1160.2,0
control,33.57,59.15,775.2,0
control,22.66,53.97,925.0,0
control,66.79,85.9,1081.8,0
control,60.13,40.31,1165.5,0
control,11.18,7.94,1008.8,0
control,89.61,72.88,944.9,0
control,43.15,35.76,1070.9,0
control,57.72,45.94,1084.2,0
control,54.05,67.57,936.8,0
control,25.78,15.16,1019.6,0
control,34.45,21.47,1121.7,0
control,10.39,15.18,1206.9,0
control,39.66,29.71,1069.1,0
control,60.19,51.91,985.3,0
control,45.97,53.44,973.5,0
control,33.84,48.97,1046.9,0
control,5.01,18.57,966.1,0
control,7.94,2.42,1002.8,0
control,50.46,44.98,853.1,0
control,26.07,35.51,1135.6,0
control,52.96,52.27,843.2,0
control,64.59,56.64,928.1,0
control,55.92,46.49,991.7,0
control,79.29,57.68,1218.9,0
control,66.65,48.13,929.3,0
control,39.74,53.54,900.1,0
control,56.88,31.32,913.9,0
control,34.57,40.77,1179.1,0
control,62.87,47.54,642.5,0
control,59.52,58.77,859.7,0
control,32.69,36.91,1307.8,0
control,28.3,53.38,1050.9,0
control,38.18,39.21,847.3,0
control,21.2,41.88,975.0,0
control,72.26,58.93,988.1,0
control,33.21,8.12,1081.5,0
control,12.35,20.66,1200.7,0
control,24.66,17.32,1026.6,0
control,0.0,1.99,915.2,0
control,24.95,31.79,1074.5,0
control,68.23,57.49,896.2,0
control,39.72,38.87,856.0,0
control,72.61,47.56,768.8,0
control,56.27,63.61,792.2,0
control,80.96,67.9,872.4,0
control,45.2,42.76,838.7,0
control,78.54,68.36,1017.6,0
control,40.25,45.66,836.1,0
control,30.42,28.93,602.8,0
control,33.52,33.3,854.7,0
control,8.76,17.35,923.4,0
control,39.54,28.01,907.3,0
control,48.15,37.56,1162.3,0
control,66.6,58.46,906.4,0
control,94.99,74.97,1085.7,0
control,42.38,19.12,977.7,0
control,46.24,51.07,974.9,0
control,32.97,25.27,879.8,1
control,44.11,52.54,972.9,0
control,43.14,41.64,888.2,0
control,6.26,11.04,1000.4,0
control,83.03,60.71,951.7,0
control,40.05,33.11,866.6,0
control,33.09,34.39,1099.0,0
control,43.98,24.74,1031.2,0
control,3.76,32.22,926.2,0
control,23.87,51.7,997.5,0
control,52.99,40.59,969.9,0
control,51.27,49.92,875.9,0
control,54.48,50.51,988.5,1
control,48.28,67.77,905.5,0
control,38.98,37.83,866.6,0
control,48.57,17.42,785.3,0
control,74.19,63.21,937.0,0
control,41.87,38.03,1048.0,1
control,57.29,64.06,896.6,0
control,45.8,50.9,1282.5,0
control,13.0,41.64,1086.3,0
control,54.36,50.28,1136.5,0
control,89.13,79.12,1075.4,0
control,57.32,81.39,1202.3,0
control,36.87,45.25,885.6,0
control,31.43,46.88,672.7,0
control,49.29,63.37,926.5,0
control,31.72,28.78,1047.0,0
control,21.31,50.0,998.2,0
control,53.15,43.53,1013.1,0
control,60.73,49.65,1138.5,0
control,27.66,29.0,1025.8,0
control,0.0,15.39,1075.9,0
control,0.0,6.69,867.3,0
control,43.74,23.89,848.6,0
control,0.0,35.74,1173.7,0
control,35.26,38.72,992.1,0
control,60.54,78.87,905.2,0
control,74.56,63.91,905.4,0
control,19.6,26.68,902.1,0
control,56.39,50.26,894.9,0
control,46.16,36.67,826.0,0
control,65.98,38.88,799.9,0
control,45.21,47.34,956.6,0
control,60.5,55.15,908.8,0
control,18.57,37.89,1112.9,0
control,79.26,63.15,1015.2,0
control,15.42,23.45,1011.8,0
control,37.23,44.11,890.8,1
control,87.69,90.76,965.5,0
control,26.79,48.02,1023.3,0
control,71.92,69.8,1065.9,0
control,60.04,45.65,968.7,0
control,58.7,54.45,1109.5,1
control,21.8,42.98,981.0,0
control,40.42,40.93,1075.1,0
control,42.46,29.97,921.2,0
control,25.81,51.75,762.5,0
control,15.83,28.67,1012.2,0
control,68.27,55.98,1067.0,1
control,66.73,63.54,1049.0,0
control,56.82,50.6,1030.7,0
control,66.27,38.85,938.2,0
control,59.06,52.17,883.2,0
control,49.08,38.44,1046.2,0
control,98.42,60.84,1031.2,0
control,11.66,11.03,912.7,0
control,28.25,37.96,1113.1,0
control,18.0,8.17,874.1,0
control,26.37,17.09,910.0,0
control,60.19,68.55,1176.4,0
control,45.35,60.11,1084.2,0
control,65.4,31.05,937.0,0
control,24.67,16.95,1014.5,0
control,0.0,-9.36,998.6,0
control,48.8,34.22,650.5,0
control,83.53,87.57,871.2,0
control,48.64,51.83,973.9,0
control,43.59,33.93,937.2,0
control,34.6,52.37,1009.7,0
control,24.07,15.9,1115.5,0
control,66.84,38.65,941.4,0
control,53.15,45.79,853.1,0
control,38.29,42.45,1019.0,0
control,50.98,58.23,940.8,0
control,44.94,50.2,961.3,0
control,52.49,56.03,945.0,0
control,28.29,31.61,1249.0,0
control,72.68,60.16,711.1,0
control,47.69,73.32,933.4,0
control,40.98,26.54,979.6,0
control,24.96,28.02,886.3,0
control,72.38,68.04,1088.0,0
control,26.03,40.56,1077.6,0
control,86.83,69.27,974.3,0
control,55.09,36.03,947.5,0
control,82.51,70.19,966.6,0
control,25.95,46.37,967.4,0
control,60.86,48.65,970.6,0
control,76.56,72.16,957.4,0
control,16.52,37.49,1010.3,0
control,29.05,27.06,1070.4,0
control,42.66,35.93,832.4,0
control,60.26,52.14,853.9,0
control,21.53,15.82,770.2,0
control,59.61,55.47,1084.0,0
control,56.69,34.3,1010.0,1
control,81.15,64.66,1040.6,0
control,0.0,0.9,808.5,0
control,27.51,29.84,1194.2,0
control,14.75,13.64,906.9,0
control,6.77,29.13,1000.2,0
control,50.4,48.46,1082.5,0
control,59.49,40.77,861.6,0
control,25.57,39.44,914.4,0
control,47.05,41.13,1001.5,1
control,35.53,47.66,1322.9,0
control,18.87,25.85,1016.1,0
control,77.37,56.72,1172.8,0
control,48.36,55.93,1124.7,0
control,57.83,50.93,1024.2,0
control,28.0,54.02,861.3,0
control,75.96,49.34,1107.2,1
control,87.12,80.63,800.2,0
control,40.98,42.43,1172.1,0
control,47.95,38.47,1004.0,0
control,12.76,30.44,662.0,0
control,44.44,25.42,939.1,0
control,19.84,21.6,1058.5,0
control,27.4,28.0,951.6,0
control,36.93,42.73,1065.8,0
control,42.39,50.02,878.0,0
control,55.55,44.92,823.3,0
control,35.89,30.22,971.4,0
control,69.01,60.2,983.8,0
control,57.1,57.31,938.2,0
control,49.52,41.13,1127.3,0
control,28.3,32.25,878.0,0
control,85.28,53.87,1017.6,0
control,26.14,47.38,988.2,0
control,38.65,17.93,793.2,0
control,63.0,42.78,821.7,0
control,37.39,48.72,981.4,1
control,61.29,27.81,1217.7,0
control,62.06,47.42,1049.5,0
control,34.48,17.81,772.9,0
control,67.5,68.05,606.7,0
control,62.6,66.46,1068.0,0
control,37.87,39.45,968.5,0
control,56.47,50.54,1117.0,0
control,24.69,0.62,874.3,0
control,28.37,23.19,1022.0,0
control,27.35,38.71,1081.5,0
control,38.77,24.7,926.3,0
control,69.71,56.86,928.9,0
control,87.22,79.95,983.0,0
control,35.93,22.82,1045.1,0
control,27.32,28.93,978.3,0
control,35.87,48.24,1096.9,0
control,59.51,73.0,924.6,0
control,1.84,22.0,820.6,0
control,52.42,48.48,1217.2,0
control,73.97,76.78,907.4,0
control,11.47,14.27,911.8,0
control,0.0,20.94,972.1,0
control,20.5,36.38,988.1,0
control,52.05,34.63,933.6,0
control,49.13,58.63,977.9,0
control,54.03,48.35,975.2,0
control,0.0,12.05,1001.0,0
control,73.66,53.28,697.1,0
control,33.4,33.6,1205.7,0
control,70.15,66.94,962.3,0
control,67.15,32.7,1049.7,0
control,55.67,32.54,814.6,0
control,49.65,53.74,923.5,0
control,49.31,57.73,899.3,0
control,47.84,52.07,1156.4,0
control,24.21,13.66,909.7,0
control,52.42,53.68,1071.0,1
control,22.32,25.38,901.9,0
control,69.42,48.23,925.7,0
control,19.8,18.37,950.5,0
control,84.57,52.03,1134.1,0
control,32.89,29.48,753.2,0
control,48.73,20.91,822.1,0
control,61.8,56.85,746.3,0
control,62.46,48.35,849.5,0
control,24.67,32.95,882.6,0
control,57.06,70.12,786.3,0
control,44.12,36.07,891.9,0
control,59.35,44.58,738.2,0
control,50.0,48.84,857.8,0
control,16.71,32.85,1124.1,0
control,33.74,52.48,1028.4,0
control,16.17,34.4,1002.5,0
control,13.42,36.59,859.7,0
control,69.08,68.53,795.7,0
control,43.5,25.27,843.3,0
control,4.84,0.57,974.8,0
control,40.01,73.0,1084.2,0
control,84.53,89.89,1088.3,0
control,35.99,36.71,1055.7,0
control,42.25,9.14,891.5,0
control,19.44,38.41,982.9,0
control,34.77,38.85,941.4,0
control,65.72,40.58,955.9,0
control,32.84,23.96,1224.5,0
control,62.46,54.43,768.6,0
control,55.27,53.44,951.8,0
control,24.85,17.1,1125.4,0
control,67.45,56.59,804.1,0
control,67.64,80.95,902.8,0
control,60.12,47.1,916.5,0
control,20.17,37.93,953.2,0
control,47.23,41.44,788.5,0
control,57.67,55.07,1051.4,0
control,7.69,12.85,1060.0,0
control,47.38,46.96,1041.0,0
control,29.8,36.97,875.6,0
control,60.58,77.26,990.4,0
control,37.15,40.86,872.1,0
control,57.14,74.02,940.1,0
control,31.22,24.13,1238.4,0
control,38.6,54.57,991.5,0
control,60.24,49.75,837.5,0
control,14.05,28.36,1001.6,0
control,39.99,47.19,817.8,0
control,56.31,65.83,836.1,0
control,58.17,38.17,855.1,0
control,21.59,13.54,926.7,1
control,41.72,43.68,1092.4,0
control,37.02,27.76,1049.4,0
control,9.81,37.84,1042.8,0
control,43.03,42.53,848.1,0
control,44.7,13.3,915.0,0
control,20.08,14.92,1012.6,0
control,53.91,52.68,904.6,0
control,44.0,34.59,946.6,0
control,15.05,-2.17,1033.0,0
control,30.01,58.13,938.1,0
control,25.94,48.9,1007.1,0
control,36.1,31.15,1171.1,0
control,13.17,20.3,959.4,0
control,77.19,59.04,1121.5,0
control,46.35,50.29,1047.1,0
control,57.35,86.89,803.9,0
control,34.19,51.56,847.7,0
control,12.9,50.98,880.0,0
control,38.94,41.0,877.4,0
control,55.87,58.7,969.2,0
control,49.39,55.25,1053.8,0
control,80.81,66.53,1130.6,0
control,53.13,34.62,1017.0,0
control,35.38,36.16,926.5,0
control,7.16,35.38,730.1,0
control,66.72,58.23,988.5,0
control,77.57,70.97,983.1,0
control,41.71,35.74,1002.0,0
control,51.69,36.35,1232.7,0
control,33.87,49.65,1128.9,0
control,69.03,39.58,1074.2,0
control,47.31,61.14,864.6,0
control,18.18,3.47,918.4,1
control,7.67,29.12,968.6,0
control,19.0,29.92,887.0,0
control,27.78,2.23,1040.1,0
control,25.37,26.65,1022.8,0
control,41.58,27.53,849.4,0
control,44.97,40.38,1123.6,0
control,61.94,64.03,992.3,0
control,60.02,39.59,772.5,0
control,24.6,25.45,973.8,0
control,19.11,42.97,1013.7,0
control,51.11,62.89,1096.7,0
control,36.53,26.43,939.5,0
control,35.44,27.61,1079.4,0
control,32.29,54.05,1002.5,0
control,31.17,40.01,822.2,0
control,47.56,55.65,810.2,0
control,39.64,43.75,1114.7,0
control,37.34,56.63,1123.5,0
control,19.04,25.37,1018.7,0
control,34.58,43.78,1159.5,0
control,52.29,40.21,1106.8,0
control,36.17,22.11,1062.0,0
control,17.05,15.86,870.6,0
control,50.85,56.34,1187.8,0
control,41.13,37.68,1044.4,0
control,16.62,25.6,933.7,0
control,27.33,42.27,899.8,0
control,50.5,64.3,1010.8,0
control,0.0,2.95,779.5,0
control,3.91,17.06,1064.0,0
control,31.97,27.39,865.6,0
control,79.39,70.3,1024.5,0
control,27.44,49.09,917.4,0
control,58.04,57.81,948.3,0
control,23.02,23.48,889.2,0
control,31.22,23.85,960.7,0
control,52.21,52.06,1206.7,0
control,25.59,45.05,1146.2,1
control,36.39,53.88,1022.5,0
control,42.28,40.62,977.0,0
control,63.99,49.01,1081.3,0
control,16.6,46.85,1115.6,0
control,62.7,58.0,880.4,0
control,75.0,58.53,970.7,0
control,16.01,14.84,761.4,0
control,15.47,3.55,1114.8,0
control,51.73,62.03,1227.8,0
control,62.98,65.38,989.6,0
control,5.39,25.63,725.0,0
control,0.0,10.52,1053.1,0
control,59.82,45.78,871.5,0
control,46.6,60.76,900.4,0
control,68.37,76.36,1055.2,0
control,34.12,53.29,1010.5,0
control,19.08,37.31,921.4,0
control,27.76,27.92,902.0,0
control,34.96,44.21,995.1,0
control,45.32,38.61,930.9,0
control,34.51,25.73,846.9,0
control,83.4,80.88,940.1,0
control,77.88,76.13,1020.8,0
control,85.88,64.45,958.6,0
control,14.78,27.42,810.4,0
control,58.37,59.39,1098.7,0
control,71.43,55.51,651.3,0
control,70.01,51.97,926.4,0
control,45.77,66.49,905.6,0
control,51.13,55.44,997.8,0
control,76.25,57.32,1047.4,0
control,62.64,55.46,1115.2,0
control,53.36,50.13,894.5,0
control,12.4,11.89,1050.4,0
control,40.99,45.51,1003.5,0
control,39.8,33.99,774.6,0
control,20.25,20.96,1208.1,0
control,72.23,74.27,807.3,0
control,74.71,75.12,1030.3,0
control,58.0,68.47,1026.8,0
control,56.66,48.59,1013.1,0
control,108.15,68.31,920.7,0
control,20.3,44.22,1079.3,0
control,52.87,47.65,792.8,0
control,16.23,24.32,972.1,0
control,59.64,51.15,912.3,1
control,46.63,45.09,898.7,0
control,34.07,20.55,1031.4,0
control,60.59,43.08,1109.3,0
control,46.35,42.56,938.8,0
control,90.6,76.36,1073.7,0
control,26.97,60.1,986.0,0
control,67.44,44.21,872.9,0
control,54.35,48.48,949.0,0
control,60.8,44.8,944.1,0
control,24.54,40.35,896.4,0
control,15.42,24.52,1031.4,0
control,44.52,41.28,1008.2,0
control,32.39,30.57,789.1,0
control,28.24,21.49,781.8,1
control,68.63,53.2,1031.0,0
control,26.75,51.04,882.2,0
control,29.03,11.84,1016.2,0
control,43.06,41.79,1073.7,0
control,58.62,61.92,827.5,1
control,41.93,63.07,810.6,0
control,69.01,62.47,1180.9,0
control,11.83,44.7,1022.2,1
control,40.06,28.79,929.7,0
control,6.14,24.49,867.9,0
control,51.44,50.2,918.7,0
control,49.59,50.83,837.1,0
control,82.67,67.17,1086.0,0
control,60.69,63.8,886.8,0
control,33.07,41.62,1111.2,0
control,17.28,21.6,931.9,0
control,57.52,38.26,854.8,1
control,56.09,47.91,928.8,0
control,36.23,40.36,665.1,0
control,32.1,33.6,965.5,0
control,27.23,48.55,959.6,0
control,42.07,34.93,1079.0,0
control,9.94,32.69,753.6,0
control,60.66,49.61,1119.4,0
control,40.12,36.76,1078.5,0
control,82.44,48.39,1130.2,0
control,34.1,48.92,973.7,0
control,24.67,23.49,1101.7,0
control,62.19,35.34,803.5,0
control,85.47,69.88,1065.6,0
control,15.99,23.08,887.5,0
control,13.06,5.9,781.8,0
control,14.18,10.49,845.1,0
control,49.41,44.52,980.7,0
control,35.71,44.56,881.1,0
control,41.78,41.88,1025.1,0
control,42.71,65.86,763.0,0
control,2.61,-4.11,724.7,0
control,57.84,51.13,1144.7,0
control,67.65,72.11,1088.5,0
control,3.69,23.7,854.1,0
control,52.53,37.16,979.6,0
control,37.62,30.45,1102.3,0
control,20.01,27.9,1030.3,0
control,35.65,38.13,997.8,0
control,47.61,69.69,1111.4,0
control,61.05,77.07,892.3,0
control,31.89,37.95,983.7,0
control,93.73,78.29,977.9,0
control,36.62,44.64,947.3,0
control,82.98,75.57,933.2,0
treatment,34.88,17.41,1019.1,0
treatment,71.56,33.49,1014.3,0
treatment,56.63,43.85,878.9,0
treatment,69.26,33.05,1110.2,0
treatment,44.56,55.25,888.0,0
treatment,22.89,38.97,982.7,0
treatment,43.13,26.63,973.1,0
treatment,30.46,38.99,1054.8,0
treatment,7.99,48.07,745.1,0
treatment,66.78,49.85,1121.4,0
treatment,52.5,77.81,925.4,0
treatment,97.43,31.96,1162.5,0
treatment,28.31,42.68,950.2,0
treatment,50.26,51.67,1003.9,0
treatment,43.73,43.58,1249.2,0
treatment,42.57,34.99,975.3,0
treatment,46.9,16.11,1164.9,0
treatment,8.51,34.8,1014.9,0
treatment,83.59,24.67,1061.9,0
treatment,58.6,12.92,1018.7,0
treatment,50.87,29.68,1116.0,0
treatment,32.17,25.15,924.3,0
treatment,66.84,54.51,887.0,0
treatment,42.59,54.82,930.2,1
treatment,12.57,27.73,1022.5,0
treatment,19.14,39.32,982.4,0
treatment,56.67,10.55,1098.8,0
treatment,20.12,35.1,1173.1,0
treatment,46.36,51.18,888.0,0
treatment,73.57,58.85,918.3,0
treatment,62.58,31.17,830.5,0
treatment,47.65,62.93,1263.8,0
treatment,62.06,16.72,1048.1,0
treatment,47.81,21.54,1070.0,0
treatment,92.28,56.77,842.5,0
treatment,44.1,74.08,1009.9,0
treatment,27.22,52.88,1073.7,0
treatment,86.04,43.27,978.4,0
treatment,76.2,4.49,1144.5,0
treatment,27.66,7.6,1299.0,0
treatment,42.38,46.33,891.6,0
treatment,74.44,37.55,882.2,0
treatment,61.55,24.09,900.3,0
treatment,72.63,45.18,1210.8,0
treatment,52.44,46.07,1140.3,1
treatment,49.84,61.0,993.1,0
treatment,53.17,46.46,1014.6,0
treatment,16.08,66.11,907.9,0
treatment,29.33,44.14,1121.3,0
treatment,84.25,41.92,962.5,0
treatment,47.93,63.16,977.5,0
treatment,34.37,26.39,1086.1,0
treatment,51.36,94.66,986.5,0
treatment,52.01,50.75,980.6,0
treatment,49.7,50.85,1011.3,0
treatment,82.29,53.45,1109.4,0
treatment,73.69,77.79,1215.8,0
treatment,30.81,58.27,1083.2,0
treatment,82.24,15.11,1110.4,0
treatment,42.88,69.26,985.0,0
treatment,50.56,37.86,921.5,0
treatment,44.91,45.93,1091.7,0
treatment,73.46,20.97,1031.4,0
treatment,72.74,53.47,832.2,0
treatment,48.54,32.28,969.0,0
treatment,18.62,45.8,999.6,0
treatment,28.99,38.89,946.2,1
treatment,59.34,78.65,1195.2,0
treatment,73.6,79.68,1070.0,0
treatment,35.0,44.84,1181.6,0
treatment,94.23,45.15,1042.9,0
treatment,81.32,37.28,1020.2,0
treatment,54.07,63.91,892.9,0
treatment,51.32,38.08,1011.5,0
treatment,34.77,36.42,1011.6,0
treatment,55.01,61.61,839.1,0
treatment,28.38,34.31,942.6,0
treatment,19.97,43.32,969.6,0
treatment,31.21,15.54,1061.7,0
treatment,60.57,56.68,1067.7,0
treatment,12.6,78.94,937.3,0
treatment,41.97,56.98,1068.6,0
treatment,47.71,70.31,987.2,0
treatment,89.46,28.77,651.3,0
treatment,38.41,48.25,949.4,0
treatment,26.58,27.02,1144.9,0
treatment,20.42,39.9,799.8,0
treatment,79.53,57.9,1024.1,0
treatment,82.94,45.83,1208.2,0
treatment,45.5,18.57,914.9,0
treatment,52.28,20.33,1010.3,0
treatment,45.28,19.14,847.0,0
treatment,23.25,52.85,1213.4,0
treatment,97.12,81.15,999.6,0
treatment,67.74,68.52,1015.8,0
treatment,45.23,9.87,1179.3,1
treatment,8.86,69.58,1092.7,1
treatment,54.04,60.86,900.5,0
treatment,83.3,16.18,929.1,0
treatment,60.03,38.54,1071.9,0
treatment,69.15,63.72,932.0,0
treatment,26.28,53.91,745.3,0
treatment,42.57,20.44,1003.3,0
treatment,67.42,54.99,825.0,0
treatment,23.99,5.52,1212.0,0
treatment,67.21,39.99,1032.1,0
treatment,72.82,64.48,896.9,0
treatment,41.79,44.33,922.7,0
treatment,17.71,35.02,773.8,0
treatment,55.29,60.01,872.6,0
treatment,37.77,61.55,1137.0,0
treatment,57.17,67.58,1289.0,0
treatment,40.82,59.74,1100.8,0
treatment,30.47,63.46,998.5,0
treatment,37.33,57.19,956.0,0
treatment,78.97,48.78,890.4,0
treatment,44.15,45.61,1267.5,0
treatment,67.56,39.73,986.4,0
treatment,45.72,22.18,1274.5,0
treatment,23.65,26.8,1184.2,0
treatment,92.78,38.92,792.4,0
treatment,36.57,48.35,926.8,0
treatment,25.47,69.93,926.4,0
treatment,85.3,43.25,1000.0,0
treatment,7.47,62.06,1002.5,0
treatment,18.4,63.43,1384.5,0
treatment,47.71,39.83,875.3,1
treatment,55.02,54.7,1038.6,0
treatment,40.89,39.62,1087.1,0
treatment,41.21,67.8,1009.8,0
treatment,68.68,55.45,1023.8,1
treatment,52.71,22.57,879.4,0
treatment,49.59,46.91,1023.3,0
treatment,42.2,73.67,1073.9,0
treatment,0.0,40.74,1051.0,0
treatment,58.2,52.06,1081.3,1
treatment,73.27,53.83,1186.6,1
treatment,56.46,25.34,1127.1,0
treatment,33.01,53.19,1018.9,0
treatment,62.26,18.91,863.5,0
treatment,56.45,32.74,935.0,0
treatment,86.87,63.36,982.5,0
treatment,56.98,50.42,1041.5,0
treatment,41.13,38.52,950.2,0
treatment,70.55,52.04,893.0,0
treatment,48.98,42.92,861.5,0
treatment,37.99,44.23,803.6,0
treatment,80.17,55.82,980.6,0
treatment,68.08,30.91,826.3,0
treatment,28.01,44.73,884.9,0
treatment,61.37,38.38,960.8,0
treatment,64.36,15.46,843.0,0
treatment,72.76,27.43,1057.5,0
treatment,50.4,72.23,1102.5,0
treatment,31.99,50.93,941.3,0
treatment,30.76,20.18,955.4,0
treatment,67.91,16.27,1077.2,0
treatment,1.99,41.98,920.8,0
treatment,26.32,72.1,912.2,0
treatment,35.65,40.64,1159.6,0
treatment,25.18,67.53,1120.5,1
treatment,14.95,50.33,1085.2,0
treatment,30.56,52.48,1125.7,0
treatment,61.45,19.96,762.8,0
treatment,35.64,60.88,1179.2,0
treatment,74.8,37.97,1059.0,1
treatment,59.78,59.54,1136.3,0
treatment,69.44,29.34,1058.4,0
treatment,61.29,47.19,1016.1,0
treatment,45.43,50.34,975.6,0
treatment,36.52,41.23,1055.9,0
treatment,80.67,51.28,971.0,0
treatment,42.33,39.2,1118.5,0
treatment,39.94,32.32,811.7,0
treatment,78.84,72.9,942.3,0
treatment,36.37,62.88,1265.6,0
treatment,72.3,30.3,931.7,0
treatment,73.94,54.23,980.2,0
treatment,16.12,30.63,899.7,0
treatment,58.22,22.68,1052.0,0
treatment,46.33,62.61,918.0,0
treatment,61.91,13.33,986.8,0
treatment,55.13,60.68,1116.1,0
treatment,54.23,39.45,922.7,0
treatment,49.86,40.19,1108.6,0
treatment,40.1,51.38,1112.8,0
treatment,42.12,54.46,1141.9,0
treatment,33.21,29.13,1027.6,0
treatment,36.02,56.92,1415.2,0
treatment,35.65,46.04,1141.8,0
treatment,48.26,21.39,1050.6,0
treatment,83.8,40.94,900.5,0
treatment,93.04,68.86,997.9,1
treatment,0.17,74.18,1188.3,0
treatment,65.9,56.91,1223.7,0
treatment,66.73,22.57,1194.8,0
treatment,38.63,52.83,1108.1,0
treatment,40.39,59.32,853.0,0
treatment,15.76,57.06,1070.9,0
treatment,81.57,58.13,854.8,0
treatment,16.07,50.54,824.1,0
treatment,38.31,42.7,1039.9,0
treatment,7.3,33.05,1075.4,0
treatment,84.55,9.84,1122.9,0
treatment,61.87,50.11,1072.1,0
treatment,38.05,47.35,1076.4,0
treatment,26.91,54.04,886.9,0
treatment,2.45,19.92,996.9,0
treatment,43.68,55.61,821.6,0
treatment,76.16,80.98,759.6,0
treatment,45.18,45.41,1102.6,0
treatment,46.94,42.89,915.9,0
treatment,52.99,49.56,1119.1,0
treatment,21.92,80.58,1148.5,0
treatment,17.33,25.57,932.6,0
treatment,83.39,47.66,1083.8,0
treatment,77.61,29.61,927.4,0
treatment,63.87,34.15,779.3,0
treatment,55.05,43.11,1025.4,0
treatment,29.82,68.25,951.1,0
treatment,62.41,76.42,955.0,0
treatment,59.3,52.07,1256.9,0
treatment,38.09,37.22,819.3,0
treatment,35.92,88.87,1057.9,0
treatment,40.05,36.3,885.6,0
treatment,74.93,33.72,1123.5,0
treatment,43.75,12.05,1047.3,0
treatment,12.01,69.13,1057.4,0
treatment,75.73,61.43,891.9,0
treatment,11.41,87.52,914.3,0
treatment,53.39,18.99,1125.9,0
treatment,58.64,70.25,1231.3,0
treatment,23.49,45.26,1070.0,0
treatment,19.63,58.51,897.8,0
treatment,45.72,14.34,1052.4,0
treatment,60.8,70.43,1313.4,0
treatment,9.84,58.16,1022.8,0
treatment,44.58,43.3,1192.7,0
treatment,75.0,55.61,917.5,0
treatment,43.19,30.22,1004.7,0
treatment,52.5,33.57,1087.4,1
treatment,48.08,35.66,1059.7,0
treatment,73.8,10.65,914.2,0
treatment,60.09,59.51,908.8,0
treatment,20.62,65.45,1133.5,0
treatment,38.71,31.38,1158.9,0
treatment,73.97,50.27,1199.0,0
treatment,80.58,39.22,1235.5,0
treatment,22.53,49.91,1026.8,0
treatment,84.46,32.7,971.1,0
treatment,36.68,28.1,1178.9,0
treatment,53.2,62.94,1099.1,0
treatment,30.91,42.85,887.2,0
treatment,45.12,80.4,880.8,0
treatment,45.2,44.83,1071.5,0
treatment,58.34,27.33,987.8,0
treatment,32.37,66.08,1006.7,0
treatment,15.42,55.35,1144.1,0
treatment,44.3,57.08,1104.9,0
treatment,13.45,65.43,1176.2,0
treatment,32.63,32.25,768.6,0
treatment,57.04,41.71,1041.7,0
treatment,35.43,40.91,1096.8,0
treatment,73.51,20.77,819.2,0
treatment,45.09,39.26,928.1,0
treatment,70.85,68.05,904.9,0
treatment,31.42,48.27,1012.7,0
treatment,48.39,19.77,1213.5,1
treatment,51.34,15.99,1262.8,0
treatment,42.44,73.97,908.2,0
treatment,57.41,42.37,1075.8,0
treatment,27.83,32.35,1079.8,0
treatment,60.22,39.07,1058.5,0
treatment,53.91,17.41,1059.9,0
treatment,40.35,69.62,1048.0,0
treatment,28.8,36.93,1220.9,0
treatment,48.42,68.61,1147.8,0
treatment,71.64,44.93,877.5,0
treatment,12.4,69.73,1109.5,0
treatment,63.31,48.62,1121.5,0
treatment,36.06,59.36,1049.4,0
treatment,41.03,56.94,1151.4,0
treatment,39.15,55.22,1033.5,0
treatment,58.68,50.26,1035.1,0
treatment,40.0,39.81,1025.2,0
treatment,46.4,78.48,757.7,0
treatment,45.62,27.68,1000.0,0
treatment,59.0,44.08,926.5,0
treatment,40.1,44.27,861.7,0
treatment,74.67,51.24,1189.3,0
treatment,31.83,36.27,1073.0,0
treatment,33.41,49.67,1006.3,0
treatment,81.65,40.96,939.4,1
treatment,68.94,15.52,1047.0,0
treatment,39.77,44.17,1133.9,0
treatment,42.23,24.19,906.6,0
treatment,50.27,12.78,1009.4,0
treatment,73.0,46.46,1118.5,0
treatment,65.31,52.78,768.0,0
treatment,23.28,53.48,1002.8,0
treatment,89.58,54.21,956.3,0
treatment,25.86,9.21,993.3,0
treatment,51.76,19.5,947.3,0
treatment,42.44,79.52,1027.2,0
treatment,43.91,25.15,1250.5,0
treatment,67.32,55.0,969.5,0
treatment,53.71,31.64,1046.5,0
treatment,75.12,45.43,1259.3,0
treatment,56.06,32.6,941.2,0
treatment,74.62,54.11,1236.8,0
treatment,57.47,46.46,1010.7,0
treatment,47.51,35.93,1232.7,0
treatment,57.93,25.1,1103.8,0
treatment,96.17,48.82,1048.4,0
treatment,54.14,22.17,1001.8,0
treatment,31.05,51.69,932.0,0
treatment,43.93,91.28,1019.5,0
treatment,47.6,68.3,1122.2,0
treatment,19.43,56.93,1008.4,1
treatment,80.98,42.46,970.4,0
treatment,63.48,9.1,978.7,0
treatment,30.81,20.2,1134.1,0
treatment,91.1,67.09,1163.1,0
treatment,80.9,29.78,926.6,0
treatment,33.85,31.41,926.4,0
treatment,69.3,41.02,1057.4,0
treatment,84.34,24.88,1200.9,0
treatment,50.36,21.92,1153.2,0
treatment,79.48,43.09,853.5,0
treatment,49.26,27.95,977.0,0
treatment,38.46,30.66,893.7,0
treatment,19.88,29.94,976.6,0
treatment,69.88,53.4,1210.6,0
treatment,48.3,39.82,832.2,0
treatment,94.46,40.79,807.6,0
treatment,23.09,54.75,906.4,0
treatment,35.93,41.44,1045.9,0
treatment,57.37,38.99,1087.6,0
treatment,50.71,52.47,1064.7,0
treatment,27.91,56.03,1157.0,0
treatment,68.75,41.35,789.6,0
treatment,0.0,45.45,1158.5,0
treatment,45.3,29.93,971.0,0
treatment,28.43,28.51,1101.4,0
treatment,46.51,57.84,844.6,1
treatment,44.85,52.01,1010.6,0
treatment,30.9,52.2,1039.5,0
treatment,26.3,49.06,1154.5,0
treatment,45.74,44.83,811.8,0
treatment,51.94,56.54,1013.8,0
treatment,49.27,60.83,874.3,0
treatment,72.16,60.4,1073.2,0
treatment,47.44,42.19,1107.2,0
treatment,66.79,68.97,1170.9,0
treatment,82.63,48.11,943.1,0
treatment,62.28,55.38,1125.9,0
treatment,87.36,49.08,1180.1,0
treatment,45.9,48.45,804.6,0
treatment,30.52,30.76,1086.5,0
treatment,29.35,56.62,1129.8,0
treatment,57.66,95.22,977.7,1
treatment,48.18,37.25,858.7,0
treatment,58.98,45.28,1127.9,0
treatment,31.47,35.97,860.1,0
treatment,54.79,35.22,987.7,0
treatment,21.83,71.8,1005.0,0
treatment,53.63,31.89,1099.4,0
treatment,112.4,35.47,931.7,0
treatment,58.55,15.43,924.4,0
treatment,48.96,30.36,1022.4,0
treatment,54.54,13.25,1135.8,0
treatment,13.56,55.37,1295.9,0
treatment,21.71,94.39,821.6,0
treatment,47.58,37.4,1049.4,0
treatment,19.9,14.0,874.2,0
treatment,74.18,60.2,1137.4,0
treatment,56.48,30.92,892.7,0
treatment,73.66,67.39,925.7,0
treatment,46.54,38.92,936.3,0
treatment,31.73,32.63,1000.5,0
treatment,74.97,40.8,1050.4,0
treatment,44.05,57.64,1070.5,0
treatment,86.6,39.91,1009.3,0
treatment,48.12,35.06,843.8,0
treatment,14.42,40.42,1101.0,0
treatment,33.08,21.11,1003.4,0
treatment,45.85,51.15,1155.2,0
treatment,69.11,11.84,921.5,0
treatment,77.95,36.01,809.7,0
treatment,15.81,57.67,1005.7,0
treatment,63.58,49.45,1172.0,0
treatment,42.16,54.63,1030.1,0
treatment,18.82,42.83,985.0,0
treatment,18.4,65.06,901.2,0
treatment,49.1,60.64,1229.7,0
treatment,48.32,52.03,881.3,0
treatment,44.85,60.7,919.3,0
treatment,65.21,57.51,1081.3,0
treatment,72.19,36.09,778.0,0
treatment,45.34,19.81,1169.3,0
treatment,45.44,51.57,1088.0,0
treatment,33.18,53.83,1122.4,0
treatment,53.13,63.63,1079.8,0
treatment,75.62,27.15,989.9,0
treatment,69.4,27.68,877.1,0
treatment,51.23,52.28,992.5,0
treatment,15.21,42.72,888.1,0
treatment,40.2,10.06,1070.8,0
treatment,72.85,50.75,1110.8,0
treatment,58.76,10.66,1194.6,0
treatment,55.29,26.99,1056.5,1
treatment,61.05,68.33,1125.6,0
treatment,39.15,76.85,972.9,0
treatment,77.28,22.12,950.2,0
treatment,51.52,38.07,1069.2,0
treatment,21.14,44.77,961.7,0
treatment,42.74,76.06,1043.6,0
treatment,86.56,35.13,877.4,0
treatment,52.66,35.42,899.8,0
treatment,53.06,71.88,1089.4,0
treatment,90.95,37.25,1120.8,0
treatment,17.66,57.0,886.8,0
treatment,48.73,17.41,1093.8,0
treatment,50.76,40.92,943.4,0
treatment,22.62,14.13,1012.1,0
treatment,29.81,25.0,1187.1,0
treatment,52.22,59.11,1110.9,0
treatment,62.11,43.1,1109.5,0
treatment,61.08,38.26,1248.6,0
treatment,49.67,30.52,922.0,0
treatment,79.73,40.03,886.8,0
treatment,35.39,49.42,919.7,0
treatment,54.56,61.69,978.2,1
treatment,68.44,-3.25,715.7,0
treatment,50.27,29.03,984.1,0
treatment,52.51,46.86,941.9,0
treatment,15.58,42.22,1108.0,0
treatment,72.24,51.26,1054.1,0
treatment,41.37,48.82,934.9,0
treatment,83.02,38.51,1083.7,0
treatment,87.47,34.52,1100.4,0
treatment,57.1,39.58,913.9,1
treatment,57.63,64.68,948.4,0
treatment,68.64,30.82,731.8,0
treatment,44.83,42.87,873.7,0
treatment,91.76,47.3,917.2,0
treatment,49.57,72.09,1019.3,0
treatment,45.77,38.59,891.8,0
treatment,36.4,61.26,945.8,0
treatment,37.02,66.18,856.8,0
treatment,87.7,42.85,1031.4,0
treatment,64.14,40.21,1063.2,0
treatment,78.3,38.08,1060.3,0
treatment,69.49,39.4,1011.5,0
treatment,53.44,59.38,817.4,0
treatment,27.38,48.16,932.5,0
treatment,89.9,48.24,959.1,0
treatment,60.86,23.75,959.6,0
treatment,61.67,26.59,1019.4,0
treatment,42.99,82.58,1188.2,0
treatment,55.14,40.8,1111.5,0
treatment,75.86,30.05,886.6,0
treatment,68.13,69.76,1094.8,0
treatment,52.66,49.07,1090.0,0
treatment,83.79,54.41,909.2,0
treatment,56.7,41.52,1116.1,0
treatment,26.63,38.26,990.0,0
treatment,16.63,40.95,833.8,0
treatment,87.73,19.11,1066.9,0
treatment,72.8,42.42,1037.1,0
treatment,52.21,49.33,981.5,0
treatment,55.46,77.31,1005.3,0
treatment,72.23,45.55,920.1,0
treatment,66.59,1.98,1086.3,0
treatment,21.07,42.31,1004.6,0
treatment,32.03,93.31,1030.8,0
treatment,66.45,59.59,1054.6,0
treatment,34.24,29.4,865.7,0
treatment,76.24,54.64,898.2,0
treatment,68.25,30.64,733.8,0
treatment,108.31,19.63,1080.6,0
treatment,56.11,37.73,858.5,0
treatment,34.21,45.65,1026.6,0
treatment,35.28,10.3,1056.4,0
treatment,38.95,23.32,1085.3,0
treatment,47.36,44.19,859.5,0
treatment,38.48,36.65,1001.9,0
treatment,22.4,51.11,1218.8,0
treatment,71.73,22.14,1224.3,0
treatment,57.54,56.85,1133.4,0
treatment,30.72,22.69,1052.2,0
treatment,42.63,73.57,884.4,0
treatment,82.38,13.12,1099.8,0
treatment,50.82,24.33,990.2,0
treatment,75.84,51.51,1080.1,0
treatment,52.88,73.96,930.9,0
treatment,20.72,49.67,988.4,0
treatment,45.08,54.13,1030.5,0
treatment,3.54,44.32,1040.8,0
treatment,39.89,25.52,1071.7,0
treatment,53.18,35.18,937.6,0
treatment,42.23,22.19,842.1,0
treatment,92.69,20.98,1213.1,0
treatment,43.26,51.23,1321.2,0
treatment,68.4,23.78,1065.9,0
treatment,51.24,49.75,844.5,0
treatment,41.65,20.57,913.4,0
treatment,53.94,49.33,1073.6,0
treatment,52.9,35.2,1177.6,0
treatment,8.95,69.32,858.4,0
treatment,47.39,49.83,994.5,0
treatment,69.25,66.24,1034.5,0
treatment,46.15,30.4,1118.1,0
treatment,25.45,45.01,967.0,1
treatment,35.55,26.34,814.5,0
treatment,51.26,36.56,1087.6,0
treatment,47.65,39.28,1150.6,0
treatment,68.19,30.93,999.7,0
treatment,76.6,22.12,1060.7,0
treatment,58.95,18.56,950.7,0
treatment,63.76,1.88,904.3,0
treatment,72.57,24.99,1138.3,0
treatment,48.42,55.29,1058.4,0
treatment,31.54,15.23,1071.3,0
treatment,63.41,19.37,1197.8,0
treatment,61.29,76.24,878.1,0
treatment,56.83,32.54,941.0,0
treatment,74.65,49.78,1029.7,0
treatment,30.39,55.56,939.5,0
treatment,42.2,55.93,1107.9,0
treatment,47.15,16.6,986.6,0
treatment,66.25,39.84,885.9,0
treatment,43.42,14.87,1018.2,0
treatment,61.38,88.03,1031.3,0
treatment,55.3,15.29,1126.8,0
treatment,34.6,25.14,1059.1,0
treatment,52.86,25.27,1067.6,0
treatment,41.82,17.06,1050.0,0
treatment,39.26,68.35,986.5,0
treatment,84.33,87.6,920.5,0
treatment,42.04,35.44,1046.1,0
treatment,73.0,20.23,968.4,1
treatment,90.49,3.74,1221.2,0
treatment,33.98,39.61,1177.8,0
treatment,70.2,38.31,1089.1,0
treatment,51.28,32.28,1057.3,0
treatment,18.07,47.98,999.0,0
treatment,77.47,51.11,852.4,0
treatment,11.93,49.82,983.0,0
treatment,16.47,38.31,1022.7,0
treatment,65.4,24.17,1038.7,0
treatment,43.36,55.98,1068.7,0
treatment,20.91,44.23,1125.2,0
treatment,49.54,59.99,923.5,0
treatment,64.42,58.22,924.6,0
treatment,31.44,18.41,1191.4,0
treatment,38.65,18.18,1106.4,0
treatment,50.73,30.4,961.2,0
treatment,46.86,24.99,996.6,0
treatment,43.26,57.59,997.2,0
treatment,38.75,50.32,1013.9,0
treatment,56.38,63.79,1069.1,0
treatment,41.16,51.14,1326.9,0
treatment,83.81,47.76,1033.7,0
treatment,23.24,65.6,1092.8,0
treatment,75.55,52.46,799.2,0
treatment,46.69,45.23,949.4,0
treatment,30.54,70.65,1163.6,0
treatment,59.31,46.07,1060.3,0
treatment,59.98,38.52,461.4,0
treatment,65.16,28.92,1094.3,0
treatment,41.24,56.65,1249.8,0
treatment,62.03,66.27,760.5,0
treatment,71.44,43.09,1199.9,0
treatment,26.75,67.54,663.5,0
treatment,37.39,8.54,1127.2,0
treatment,54.29,43.0,1008.9,0
treatment,58.77,43.28,716.3,0
treatment,61.13,30.91,1065.8,0
treatment,46.34,86.91,1153.9,0
treatment,50.07,42.81,1055.5,0
treatment,51.12,36.66,1083.1,0
treatment,37.82,44.47,958.5,0
treatment,66.46,7.95,777.3,0
treatment,69.19,30.32,1096.5,0
treatment,37.34,61.7,1228.7,0
treatment,72.32,32.68,1151.2,0
treatment,57.09,29.08,761.5,0
treatment,51.34,67.57,820.6,0
treatment,0.0,68.12,904.3,0
treatment,12.73,53.31,810.9,0
treatment,87.28,35.81,1015.5,0
treatment,44.93,39.69,1059.2,0
treatment,28.15,29.53,831.2,0
treatment,79.48,26.09,1107.1,0
treatment,55.0,25.2,1085.1,0
treatment,77.47,32.88,941.5,0
treatment,55.37,25.38,988.4,0
treatment,64.75,15.85,766.3,0
treatment,47.23,47.95,968.5,0
treatment,68.11,48.22,1010.9,0
treatment,98.45,74.61,1031.1,0
treatment,58.08,31.97,1057.4,0
treatment,25.94,49.33,1040.5,0
treatment,50.05,49.63,977.0,0
treatment,62.91,39.43,1045.8,0
treatment,55.55,57.4,1135.3,1
treatment,62.04,57.95,998.1,0
treatment,85.59,49.89,1049.7,0
treatment,74.27,39.4,986.7,0
treatment,121.59,37.56,929.2,0
treatment,36.31,19.38,1075.4,0
treatment,85.42,29.49,940.6,0
treatment,43.13,32.8,1058.3,0
treatment,46.83,23.77,1013.5,0
treatment,31.07,51.92,972.0,0
treatment,10.84,65.54,969.0,0
treatment,55.88,27.65,946.5,0
treatment,55.9,49.1,804.3,0
treatment,68.09,25.39,1057.9,0
treatment,86.78,38.51,1038.9,0
treatment,55.39,31.57,1116.2,1
treatment,60.03,54.83,943.6,0
treatment,61.57,31.78,1246.9,0
treatment,63.19,62.21,962.5,0
treatment,47.49,39.58,900.6,0
treatment,63.18,32.31,885.8,0
treatment,89.71,21.44,793.3,0
treatment,55.91,48.56,1201.6,0
treatment,37.05,60.11,1181.4,0
treatment,36.83,48.92,1085.1,0
treatment,57.36,84.3,898.0,0
treatment,96.03,69.74,1236.4,0
treatment,54.67,38.46,966.0,0
treatment,67.8,38.28,976.4,0
treatment,63.18,52.45,1189.7,0
treatment,75.03,28.92,1092.4,0
treatment,39.31,64.99,1285.1,0
treatment,3.24,50.51,1041.1,0
treatment,47.09,48.62,960.4,0
treatment,0.0,56.37,933.5,0
treatment,90.62,75.01,779.1,0
treatment,63.83,47.08,975.2,0
treatment,81.61,41.97,1153.1,0
treatment,36.99,71.16,1084.9,0
treatment,36.55,61.42,1012.5,0
treatment,31.04,38.22,885.6,0
treatment,62.91,44.09,1038.4,0
treatment,45.72,47.52,1136.6,0
treatment,61.56,50.51,1063.8,0
treatment,102.53,19.58,1030.8,0
treatment,51.38,16.24,910.4,0
treatment,47.79,28.03,1118.4,0
treatment,55.39,26.63,618.5,0
treatment,83.79,32.41,1057.9,0
treatment,57.89,55.42,1331.3,0
treatment,0.0,40.96,821.5,0
treatment,34.52,47.54,979.8,0
treatment,54.7,21.96,1009.0,1
treatment,30.32,35.69,952.2,0
treatment,29.39,54.57,1139.5,0
treatment,20.02,54.71,1069.1,0
treatment,64.75,30.96,1029.0,0
treatment,65.0,46.91,1109.7,0
treatment,45.64,83.58,1012.1,0
treatment,60.05,43.68,1407.5,0
treatment,65.58,31.52,1028.9,0
treatment,36.43,40.87,1034.4,0
treatment,28.86,45.66,796.2,0
treatment,29.52,41.28,942.1,0
treatment,48.01,43.44,1153.4,0
treatment,48.71,18.02,843.1,0
treatment,87.69,26.67,740.3,0
treatment,73.11,41.31,1014.0,0
treatment,92.84,41.03,1181.3,0
treatment,40.86,33.81,1015.3,0
treatment,40.75,40.81,968.0,0
treatment,66.05,45.1,777.7,0
treatment,97.79,60.01,1066.5,0
treatment,90.18,42.21,1092.7,0
treatment,62.24,51.18,787.3,0
treatment,45.54,34.25,1151.8,0
treatment,35.89,54.3,1105.7,0
treatment,74.3,50.76,1151.5,0
treatment,18.8,59.58,1082.9,1
treatment,61.67,56.84,1091.7,0
treatment,56.01,54.6,1075.1,0
treatment,59.32,42.23,1118.6,0
treatment,62.42,48.41,782.7,0
treatment,42.26,63.14,822.4,0
treatment,73.76,32.26,918.0,1
treatment,59.78,32.69,993.8,0
treatment,53.28,47.27,1058.5,0
treatment,26.68,51.48,1050.6,0
treatment,21.03,29.17,1149.6,0
treatment,68.04,42.65,1153.6,0
treatment,17.71,42.31,901.0,0
treatment,30.01,4.12,1039.8,0
treatment,61.83,40.05,904.0,0
treatment,49.83,41.17,986.5,0
treatment,4.4,41.11,1050.2,0
treatment,56.17,69.49,583.9,0
treatment,91.12,22.12,1311.4,1
treatment,35.58,29.16,1080.8,0
treatment,31.09,-3.02,935.5,0
treatment,56.28,35.34,1250.9,0
treatment,31.53,36.88,966.6,0
treatment,71.86,34.82,1026.6,0
treatment,47.06,63.94,949.1,0
treatment,44.9,59.49,1216.5,0
treatment,27.94,45.4,996.9,0
treatment,63.94,37.33,1028.7,0
treatment,28.77,62.47,1160.5,0
treatment,64.76,43.64,1083.1,0
treatment,47.61,29.27,1003.2,0
treatment,74.4,13.11,1148.8,1
treatment,60.75,36.06,1327.3,1
treatment,28.02,57.58,1049.7,0
treatment,18.14,84.98,1024.6,0
treatment,36.31,45.11,1031.3,0
treatment,58.8,30.22,1173.8,1
treatment,61.6,22.67,935.1,0
treatment,11.47,53.94,975.2,0
treatment,22.84,12.24,817.8,0
treatment,49.98,53.91,862.0,0
treatment,72.29,58.72,945.3,0
treatment,27.97,51.85,1003.0,0
treatment,18.45,40.05,1231.1,0
treatment,92.78,54.17,1077.0,0
treatment,61.58,47.08,896.0,0
treatment,34.32,29.99,919.0,0
treatment,42.42,77.31,1181.8,0
treatment,46.29,37.67,1150.8,0
treatment,17.47,57.96,1013.5,0
treatment,43.13,0.46,954.7,0
treatment,39.86,66.98,1150.6,0
treatment,82.58,70.44,885.8,0
treatment,5.67,44.54,1059.0,0
treatment,52.51,54.06,1294.1,0
treatment,65.77,54.05,1035.7,0
treatment,74.81,32.43,913.0,0
treatment,56.97,53.85,1061.3,0
treatment,46.53,29.44,951.2,0
treatment,79.07,33.04,835.7,0
treatment,20.89,64.28,1097.6,0
treatment,41.56,61.54,1149.7,0
treatment,18.67,31.29,971.1,0
treatment,66.53,30.8,962.8,0
treatment,17.82,32.38,889.8,0
treatment,24.79,57.19,991.3,0
treatment,29.5,26.0,939.7,0
treatment,80.37,50.42,883.6,0
treatment,78.63,57.44,1246.5,0
treatment,41.43,42.41,1068.3,0
treatment,70.8,62.18,1081.5,0
treatment,50.47,38.52,1120.4,0
treatment,49.42,40.15,1106.4,0
treatment,44.61,26.41,958.4,0
treatment,79.97,62.31,1044.1,0
treatment,88.81,30.2,976.4,0
treatment,30.75,50.3,1064.8,0
treatment,40.75,42.72,1052.7,0
treatment,68.0,25.05,962.2,0
treatment,58.02,33.04,843.8,0
treatment,50.27,68.89,1028.3,0
treatment,36.54,47.63,984.5,0
treatment,69.03,25.84,773.7,0
treatment,43.87,49.5,1073.5,0
treatment,43.73,41.37,1130.7,0
treatment,46.68,106.17,1326.0,0
treatment,69.99,49.13,961.1,0
treatment,49.07,37.15,942.7,0
treatment,49.74,69.56,871.3,0
treatment,32.79,10.86,1036.1,0
treatment,44.19,45.7,1035.3,0
treatment,72.87,79.9,908.6,0
treatment,56.04,41.91,988.1,1
treatment,38.48,12.8,762.7,0
treatment,49.6,36.87,1125.8,0
treatment,24.44,70.18,913.7,0
treatment,37.87,50.77,1005.7,0
treatment,66.19,28.9,831.7,0
treatment,71.41,31.67,937.2,0
treatment,49.21,33.93,975.1,0
treatment,45.68,50.5,1008.6,0
treatment,59.43,68.09,1070.0,1
treatment,68.89,62.94,1189.9,0
treatment,58.79,52.21,1101.6,0
treatment,26.97,20.03,1130.3,0
treatment,67.88,20.1,1190.8,0
treatment,28.57,53.6,1081.2,0
treatment,32.4,19.78,1005.4,0
treatment,59.62,39.94,1136.1,1
treatment,49.06,49.47,1144.1,0
treatment,92.37,23.52,1091.1,1
treatment,49.53,25.56,828.2,1
treatment,58.96,42.31,904.8,0
treatment,58.98,53.07,975.6,0
treatment,50.62,63.11,1107.5,0
treatment,40.05,54.93,1007.3,0
treatment,49.5,45.33,1152.1,0
treatment,65.69,30.57,1174.4,0
treatment,73.71,24.72,1159.9,0
treatment,24.94,34.8,1160.7,0
treatment,59.32,51.38,880.4,0
treatment,40.55,50.06,1070.3,0
treatment,60.13,6.2,934.1,0
treatment,35.31,29.86,803.9,0
treatment,76.27,65.68,974.1,0
treatment,72.88,45.43,1175.6,0
treatment,26.57,18.49,1067.6,0
treatment,10.2,86.4,1262.2,0
treatment,53.0,43.48,1032.2,0
treatment,95.41,50.92,1316.0,0
treatment,71.49,51.19,1032.2,0
treatment,34.95,37.38,1012.8,0
treatment,64.83,30.9,850.1,0
treatment,63.0,82.19,1148.8,0
treatment,74.03,62.06,947.2,0
treatment,74.16,58.79,929.1,0
treatment,63.74,54.37,1170.2,0
treatment,58.23,25.94,1154.8,0
treatment,72.26,67.0,1151.5,0
treatment,57.85,28.82,964.7,0
treatment,30.14,49.1,1003.6,0
treatment,74.81,14.49,1002.5,0
treatment,17.11,7.26,1107.8,0
treatment,56.01,49.73,1204.2,0
treatment,46.09,29.44,1056.0,0
treatment,27.39,8.19,1256.9,0
treatment,53.88,53.73,1122.1,0
treatment,74.38,82.16,980.7,0
treatment,28.95,69.01,1113.6,0
treatment,26.06,39.37,1223.2,0
treatment,34.82,44.16,1259.8,0
treatment,87.69,59.98,1158.4,0
treatment,29.89,64.2,1013.2,0
treatment,21.98,37.82,982.9,0
treatment,78.76,44.62,1082.0,0
treatment,66.92,49.41,1219.2,0
treatment,51.97,53.97,1064.2,0
treatment,41.66,41.6,1066.8,0
treatment,47.8,41.84,1016.4,0
