variant,revenue,pre_revenue,page_load_ms,support_ticket,days_in_exp
control,42.49,49.48,802.7,0,10
control,31.23,25.28,909.9,0,1
control,55.43,57.51,979.0,0,7
control,72.78,60.93,907.0,0,10
control,5.18,8.88,1055.0,0,10
control,1.4,20.56,946.5,0,8
control,27.75,46.3,864.2,0,8
control,32.3,38.31,946.6,0,10
control,27.21,43.7,1007.1,0,6
control,36.6,28.65,1019.0,0,8
control,53.02,59.83,1205.4,0,5
control,91.1,58.0,899.7,0,7
control,21.75,45.19,971.2,0,2
control,66.5,64.29,1031.1,0,5
control,36.93,52.42,977.2,1,2
control,23.84,28.53,919.9,0,4
control,53.07,50.64,794.1,0,6
control,0.0,26.74,918.7,0,8
control,62.84,59.81,851.2,0,14
control,70.79,43.1,772.8,0,1
control,35.57,40.67,884.5,0,13
control,37.34,31.74,854.3,0,5
control,79.57,66.01,1050.1,0,11
control,40.13,41.22,1052.1,0,10
control,29.75,36.29,871.5,0,14
control,7.29,37.66,948.8,0,2
control,62.77,53.58,757.0,0,14
control,49.45,50.58,920.7,0,1
control,37.64,51.43,1027.9,0,13
control,53.89,51.75,1079.0,0,10
control,72.27,82.55,894.4,0,7
control,30.85,36.68,1106.2,1,6
control,44.99,34.78,798.1,0,2
control,12.77,29.35,830.3,0,12
control,69.84,55.09,1065.2,0,11
control,44.11,64.32,1180.5,0,14
control,33.82,41.95,1039.2,0,11
control,57.99,28.88,975.2,0,14
control,47.11,29.16,716.6,0,13
control,57.12,55.71,737.3,0,6
control,44.12,57.38,995.5,0,10
control,46.56,53.78,937.0,0,4
control,34.99,32.02,847.3,0,12
control,49.35,48.18,987.9,0,9
control,45.64,46.1,993.8,0,7
control,48.17,47.94,1093.3,0,9
control,56.41,59.69,996.4,0,4
control,28.5,48.02,1127.4,0,9
control,48.99,56.22,981.0,0,7
control,58.9,45.22,966.2,0,5
control,30.61,49.2,1107.7,0,14
control,52.78,55.36,862.6,0,1
control,9.37,17.77,1317.7,0,11
control,41.25,38.25,1025.0,0,3
control,31.75,35.53,1025.7,0,4
control,55.08,32.5,1043.0,0,3
control,47.52,39.05,1205.3,0,2
control,51.37,70.91,1075.1,0,2
control,40.04,28.42,787.4,0,12
control,50.17,61.43,1148.4,0,13
control,9.03,13.71,939.1,0,9
control,43.83,37.97,992.9,0,1
control,40.79,46.93,826.5,0,13
control,67.19,54.55,1043.1,0,9
control,45.91,56.8,901.8,0,8
control,49.45,58.28,992.0,0,14
control,30.02,37.72,945.9,0,6
control,29.4,35.68,1211.0,0,6
control,74.58,59.44,1217.9,0,11
control,50.62,40.56,985.6,0,8
control,47.79,21.04,987.7,0,11
control,57.96,23.6,935.2,0,10
control,15.32,27.45,1112.7,0,12
control,54.2,52.95,940.5,0,5
control,30.87,46.56,929.4,0,2
control,45.53,56.43,1097.4,0,7
control,29.08,36.31,915.4,0,10
control,32.81,46.85,975.5,0,12
control,40.61,55.26,790.2,0,4
control,37.84,38.43,1064.5,0,11
control,35.51,52.22,1212.9,0,12
control,45.81,32.09,1066.5,0,12
control,26.12,37.47,1155.4,0,12
control,77.99,37.13,878.5,0,14
control,18.86,22.47,1008.4,0,10
control,54.05,52.77,866.8,0,6
control,19.07,35.55,952.7,0,7
control,69.07,44.22,1072.7,0,11
control,68.61,52.65,992.2,0,4
control,56.53,52.04,810.5,0,9
control,37.14,55.98,822.2,0,9
control,46.3,42.23,814.3,0,10
control,22.27,36.38,1039.0,0,6
control,64.13,42.57,1227.7,0,11
control,28.37,13.63,1143.5,0,2
control,22.35,17.95,752.5,0,11
control,0.0,20.19,1150.5,0,12
control,14.7,26.05,1092.4,0,13
control,61.23,51.2,794.6,0,13
control,46.97,27.7,943.6,0,5
control,54.25,37.19,1111.5,0,1
control,44.21,67.39,1046.1,1,10
control,43.3,37.59,822.9,0,2
control,71.41,57.28,1053.3,0,4
control,6.3,27.19,723.5,0,10
control,41.47,40.3,953.3,0,9
control,33.08,26.9,1116.6,0,9
control,35.15,37.9,982.2,0,11
control,32.97,59.13,920.1,0,3
control,11.82,12.91,1086.7,0,12
control,47.59,51.82,1097.0,0,9
control,46.84,48.28,1137.2,0,6
control,27.25,33.31,1084.9,0,7
control,14.83,17.97,1109.8,0,8
control,45.62,45.3,1067.9,0,8
control,42.41,34.47,1011.9,1,5
control,44.57,48.19,990.7,0,4
control,39.61,44.39,951.5,0,3
control,72.8,72.83,834.5,0,5
control,14.12,39.69,865.4,0,4
control,34.71,25.58,946.2,0,8
control,47.94,47.23,1009.0,0,13
control,49.18,47.96,1152.9,0,2
control,80.94,68.47,975.0,0,5
control,31.47,59.03,1100.4,0,1
control,23.26,50.42,1109.5,1,14
control,73.05,70.34,952.2,0,10
control,25.19,22.6,1051.4,0,4
control,36.77,32.48,950.8,0,6
control,23.17,27.32,1138.7,0,11
control,47.83,36.98,1056.3,0,14
control,35.24,19.22,837.1,0,9
control,62.27,55.43,999.4,0,4
control,37.65,40.0,1177.8,0,10
control,0.0,17.53,958.3,0,10
control,38.93,25.72,1033.7,0,10
control,67.28,49.64,1045.5,0,1
control,67.88,59.09,855.6,0,10
control,65.73,79.94,1041.3,0,1
control,102.67,96.45,812.7,0,13
control,63.89,51.46,904.9,0,13
control,50.42,26.19,1109.1,0,8
control,0.0,5.62,1022.8,0,10
control,46.24,48.82,943.5,0,1
control,41.98,29.37,1033.6,0,13
control,38.91,36.52,972.8,0,4
control,19.2,32.98,981.5,0,4
control,48.45,41.47,1058.8,0,10
control,70.73,63.19,892.7,0,14
control,48.81,46.83,984.8,0,7
control,45.43,41.14,942.5,0,8
control,24.21,25.36,789.7,0,8
control,37.94,13.86,869.5,0,5
control,24.32,35.25,1168.2,0,9
control,35.87,43.03,1026.2,0,14
control,74.41,75.82,821.2,0,6
control,59.44,46.34,795.2,0,11
control,40.29,61.69,966.5,0,11
control,18.37,35.01,1167.3,0,12
control,0.0,22.67,957.6,0,11
control,29.46,26.63,1136.8,0,13
control,17.31,30.95,1022.2,0,11
control,74.84,82.31,1036.6,0,14
control,40.64,29.22,819.7,0,11
control,49.88,59.09,1092.5,0,12
control,33.27,27.75,939.8,0,13
control,56.22,60.77,1083.6,0,14
control,60.76,50.93,882.3,0,9
control,49.04,41.18,1001.2,0,10
control,34.62,43.27,1022.2,0,14
control,31.78,32.21,961.5,0,6
control,66.98,52.03,1028.5,0,2
control,42.95,35.81,948.0,0,13
control,5.13,21.94,902.1,0,9
control,33.0,21.0,1172.7,0,6
control,32.65,47.11,1105.9,0,11
control,90.9,72.42,888.7,0,1
control,61.97,46.88,1048.2,0,7
control,47.07,41.86,890.9,0,4
control,51.91,49.14,837.8,0,5
control,63.68,67.51,1104.1,0,14
control,58.11,47.95,775.5,0,8
control,32.98,36.6,1091.2,0,2
control,66.6,63.91,949.7,0,6
control,64.29,51.72,954.6,0,4
control,62.55,71.64,1029.2,0,13
control,39.39,47.3,1049.7,0,5
control,7.98,21.96,880.8,0,5
control,7.42,19.37,1066.1,0,5
control,46.72,73.72,993.6,0,3
control,83.74,75.03,829.3,1,11
control,67.33,40.77,959.6,0,9
control,58.59,37.1,1145.8,0,7
control,46.42,70.31,1181.2,0,6
control,36.8,24.07,1066.1,0,10
control,50.07,27.89,837.2,0,2
control,49.24,55.58,1038.9,0,14
control,39.87,36.9,1082.1,0,8
control,16.78,43.91,1067.1,0,4
control,46.01,41.06,1074.2,0,8
control,35.68,50.08,1023.6,0,12
control,71.08,69.33,971.3,0,3
control,24.62,45.63,907.0,0,8
control,63.24,55.59,752.2,0,9
control,25.37,7.1,1020.8,0,12
control,33.21,43.12,1002.3,0,8
control,15.1,28.82,1046.9,0,11
control,0.0,22.06,819.5,0,11
control,26.71,28.19,1057.4,0,13
control,31.3,37.99,1226.5,0,6
control,38.43,60.49,989.4,0,10
control,29.36,20.12,972.6,1,4
control,39.19,44.55,1017.1,0,12
control,21.9,35.28,1223.9,0,14
control,31.79,38.1,857.2,0,5
control,76.58,62.05,1004.4,0,8
control,62.33,53.69,884.0,0,12
control,65.31,68.07,914.4,0,1
control,51.09,41.22,974.0,0,10
control,17.2,31.47,1141.7,0,12
control,41.73,39.97,1196.1,0,13
control,51.06,48.36,1033.8,0,3
control,41.33,47.18,934.8,0,11
control,33.12,24.48,1279.1,0,12
control,35.55,45.63,928.7,0,1
control,55.9,48.11,911.5,0,10
control,94.4,89.31,767.0,0,9
control,35.22,77.78,1147.5,0,14
control,47.51,28.64,1096.2,0,1
control,0.0,38.83,1270.1,0,14
control,12.12,17.66,813.3,0,8
control,49.55,33.37,1155.0,0,4
control,45.76,49.68,988.4,0,6
control,44.42,65.71,1076.7,0,11
control,17.59,30.88,782.3,0,14
control,48.52,32.23,1156.2,0,5
control,0.0,5.35,1074.4,0,14
control,58.09,41.07,975.3,0,9
control,26.61,24.88,1057.4,0,3
control,19.52,34.47,888.1,0,9
control,22.3,28.22,910.5,0,12
control,29.18,42.3,924.4,0,1
control,28.0,12.36,757.7,0,2
control,30.94,17.59,1083.4,0,1
control,56.17,82.33,1123.0,0,8
control,18.01,20.83,895.8,0,1
control,14.73,24.26,1021.8,0,14
control,93.51,77.06,948.1,0,2
control,74.19,96.29,1019.4,0,2
control,48.04,22.91,904.7,0,4
control,38.42,37.37,874.0,0,11
control,34.37,50.15,1106.2,0,13
control,64.13,75.12,972.3,0,4
control,17.41,26.24,1222.7,0,8
control,23.07,39.58,985.6,0,11
control,59.18,57.99,868.9,0,12
control,34.99,51.83,1127.2,0,3
control,8.23,37.23,1055.7,0,12
control,37.45,41.59,1067.2,0,13
control,0.0,19.25,1122.9,0,11
control,30.51,39.71,901.7,0,8
control,27.84,39.21,964.7,0,6
control,36.63,48.18,959.4,0,13
control,63.8,34.0,825.1,1,13
control,53.58,52.49,948.4,0,8
control,65.19,62.23,1140.4,0,11
control,22.68,46.8,1008.5,0,6
control,41.65,50.33,818.5,0,11
control,48.87,44.96,793.3,0,2
control,30.64,44.0,1179.8,0,13
control,45.74,31.01,969.2,0,8
control,33.38,49.7,902.3,0,9
control,39.36,42.25,947.1,0,3
control,71.44,81.68,802.7,0,8
control,73.34,72.32,1150.8,0,1
control,42.4,50.95,932.8,0,13
control,28.55,30.26,1144.1,0,11
control,23.25,23.98,986.2,0,7
control,54.42,65.44,1151.5,0,12
control,56.12,48.73,1010.8,0,12
control,56.27,52.64,1082.4,0,2
control,14.85,12.6,1066.3,0,1
control,54.31,60.69,1054.8,0,4
control,63.66,52.18,1021.8,0,1
control,23.29,24.01,952.1,0,9
control,32.88,35.51,1209.9,0,8
control,50.81,48.75,871.2,0,8
control,69.6,44.94,980.5,0,2
control,21.38,38.74,981.8,0,13
control,54.04,42.14,1028.3,0,14
control,14.3,39.46,928.5,0,9
control,50.55,46.75,1017.8,0,1
control,91.4,70.49,959.7,0,6
control,9.32,-2.2,790.2,0,11
control,43.45,39.74,981.1,0,11
control,40.06,47.18,847.9,0,4
control,50.32,49.33,771.9,0,12
control,35.29,37.31,996.4,0,14
control,4.89,12.38,1038.5,1,8
control,46.35,49.9,1043.2,0,6
control,76.36,75.09,1048.1,0,8
control,8.84,16.39,748.1,0,1
control,48.0,59.55,816.7,0,8
control,20.5,38.09,1216.8,0,1
control,49.43,42.9,854.3,0,1
control,35.18,25.05,1053.3,0,8
control,42.68,37.98,897.6,0,8
control,80.02,67.4,989.6,0,14
control,55.86,54.49,904.0,0,8
control,79.16,75.18,1047.4,0,14
control,68.73,65.19,996.4,0,12
control,50.97,51.9,926.2,0,5
control,66.43,75.39,854.0,0,13
control,83.25,51.9,1012.1,0,7
control,52.36,58.9,834.5,0,9
control,30.75,38.66,1031.3,1,2
control,52.16,45.2,1295.2,0,3
control,36.96,31.45,1142.0,0,8
control,41.7,61.81,1066.2,0,4
control,41.18,22.79,969.7,0,9
control,56.62,58.08,747.3,0,2
control,26.27,40.57,821.3,0,4
control,81.02,65.08,1133.9,0,10
control,66.17,57.52,885.2,0,9
control,57.43,76.77,896.1,0,14
control,81.96,57.15,960.1,0,13
control,28.17,15.7,852.6,0,12
control,43.73,42.79,832.8,0,1
control,47.83,22.9,973.9,0,9
control,38.63,34.67,873.0,0,4
control,69.61,71.2,891.1,0,4
control,46.29,55.48,886.3,0,3
control,41.55,31.42,1042.7,0,7
control,34.87,25.75,952.1,0,2
control,45.73,44.59,958.6,1,8
control,13.77,22.1,1051.6,0,3
control,35.68,31.92,963.0,0,8
control,49.17,49.62,946.6,0,9
control,45.44,64.8,1036.5,0,3
control,34.46,54.96,1060.2,0,2
control,14.95,2.76,962.4,0,12
control,13.59,49.48,989.7,0,11
control,49.05,45.3,886.2,0,4
control,45.14,51.45,876.7,0,13
control,90.06,73.09,1072.3,0,4
control,3.9,6.86,1033.4,0,13
control,44.42,33.36,1034.6,0,2
control,49.21,54.64,1013.7,0,10
control,20.38,15.53,985.5,0,1
control,79.74,70.57,1063.6,0,3
control,44.6,50.63,1092.2,0,6
control,72.95,59.24,1089.3,0,2
control,21.61,33.72,967.9,0,7
control,62.58,58.65,1146.4,0,4
control,75.59,63.23,1007.4,0,2
control,58.08,48.19,1055.9,0,14
control,75.69,48.22,1013.9,0,14
control,38.77,48.87,1009.6,0,14
control,11.37,28.46,891.7,0,3
control,28.62,41.34,1064.2,1,6
control,51.7,41.25,1321.4,0,5
control,58.3,50.9,935.0,0,5
control,62.97,62.0,988.5,0,6
control,11.73,24.95,926.5,0,8
control,53.65,41.75,921.4,0,7
control,52.37,70.67,1165.3,1,5
control,48.89,30.62,899.2,0,14
control,71.37,29.2,923.1,0,14
control,53.46,47.64,789.5,0,5
control,67.13,59.2,889.1,0,4
control,38.27,44.21,775.0,0,8
control,41.64,67.92,1055.8,0,6
control,50.73,59.42,1316.0,0,14
control,43.62,59.15,936.0,0,7
control,33.9,53.97,780.0,0,1
control,107.64,85.9,1088.0,0,2
control,45.4,40.31,892.8,0,2
control,17.12,7.94,1135.9,0,6
control,67.22,72.88,946.2,0,5
control,34.98,35.76,904.2,0,12
control,60.27,45.94,958.6,0,13
control,66.21,67.57,1070.9,0,2
control,25.88,15.16,952.7,0,14
control,21.51,21.47,920.4,0,9
control,13.67,15.18,956.1,0,5
control,12.13,29.71,827.4,0,6
control,24.57,51.91,1027.6,0,7
control,50.0,53.44,765.6,0,3
control,50.35,48.97,926.7,0,13
control,3.58,18.57,1071.1,0,1
control,6.24,2.42,1016.4,0,1
control,46.63,44.98,1050.8,0,4
control,6.98,35.51,972.2,0,3
control,39.78,52.27,1120.4,0,1
control,62.31,56.64,1091.0,0,6
control,52.69,46.49,1033.5,1,6
control,41.42,57.68,1091.3,0,2
control,50.99,48.13,1070.1,0,12
control,68.07,53.54,927.3,0,13
control,44.19,31.32,818.7,0,11
control,40.67,40.77,1030.4,0,8
control,41.69,47.54,1045.5,0,14
control,49.76,58.77,1110.9,0,5
control,45.01,36.91,867.6,0,6
control,56.34,53.38,871.2,0,1
control,49.39,39.21,1035.2,0,10
control,44.88,41.88,971.5,0,2
control,70.18,58.93,753.7,0,10
control,13.3,8.12,1025.0,0,11
control,34.5,20.66,757.7,0,4
control,32.63,17.32,866.6,0,9
control,0.0,1.99,1142.2,0,5
control,8.43,31.79,1199.0,0,6
control,79.0,57.49,834.1,0,8
control,43.86,38.87,940.5,0,4
control,24.25,47.56,985.1,0,12
control,53.02,63.61,1193.7,0,6
control,77.77,67.9,920.9,0,7
control,39.92,42.76,922.8,0,12
control,60.23,68.36,1165.8,0,4
control,66.12,45.66,935.0,0,7
control,16.45,28.93,1066.7,0,14
control,23.96,33.3,802.7,0,6
control,23.42,17.35,959.5,0,2
control,35.74,28.01,780.8,0,4
control,46.0,37.56,853.3,0,14
control,71.04,58.46,1080.7,0,11
control,76.26,74.97,974.0,0,12
control,28.94,19.12,941.7,0,4
control,47.86,51.07,890.2,0,12
control,28.63,25.27,953.5,0,6
control,54.35,52.54,1016.1,0,12
control,45.82,41.64,1097.9,0,13
control,25.48,11.04,665.0,0,3
control,68.12,60.71,880.2,0,14
control,35.58,33.11,999.1,0,9
control,24.81,34.39,968.1,0,11
control,28.21,24.74,1028.4,0,11
control,33.75,32.22,1012.1,0,3
control,54.77,51.7,943.4,0,11
control,72.74,40.59,916.8,0,3
control,43.09,49.92,950.5,0,4
control,56.89,50.51,1117.8,0,2
control,81.81,67.77,892.2,0,3
control,40.68,37.83,972.5,0,14
control,53.25,17.42,1002.0,0,5
control,57.36,63.21,1167.2,0,6
control,44.03,38.03,944.0,0,7
control,52.25,64.06,1095.1,0,10
control,46.41,50.9,1127.8,0,9
control,46.29,41.64,972.3,0,8
control,62.6,50.28,954.7,0,12
control,81.76,79.12,940.5,0,7
control,97.0,81.39,949.3,0,11
control,44.8,45.25,1082.5,0,13
control,42.98,46.88,1007.7,0,10
control,100.66,63.37,1008.2,0,1
control,36.5,28.78,845.0,0,4
control,40.42,50.0,863.9,0,9
control,34.83,43.53,1237.2,0,7
control,36.98,49.65,958.7,0,4
control,44.29,29.0,887.0,0,5
control,13.56,15.39,1151.7,0,2
control,12.43,6.69,1013.8,0,4
control,25.59,23.89,1049.4,0,11
control,47.63,35.74,963.4,0,1
control,28.27,38.72,941.8,0,12
control,62.0,78.87,959.6,0,5
control,66.44,63.91,814.1,0,12
control,37.46,26.68,969.4,0,4
control,55.39,50.26,1015.5,0,12
control,26.91,36.67,1202.1,0,9
control,49.76,38.88,990.3,0,12
control,37.63,47.34,699.9,0,1
control,47.93,55.15,968.7,0,12
control,26.15,37.89,1308.7,0,4
control,80.81,63.15,1084.0,0,6
control,34.94,23.45,882.7,0,1
control,53.55,44.11,1050.9,0,14
control,105.46,90.76,891.0,0,9
control,88.05,48.02,817.5,0,14
control,44.78,69.8,938.2,0,8
control,36.16,45.65,991.0,0,3
control,45.97,54.45,755.3,0,5
control,32.13,42.98,842.1,0,7
control,27.07,40.93,981.2,0,3
control,27.88,29.97,931.0,0,14
control,35.07,51.75,1027.4,0,14
control,35.57,28.67,834.2,0,8
control,56.73,55.98,1065.7,0,9
control,69.69,63.54,837.9,0,10
control,58.16,50.6,1177.1,0,10
control,48.68,38.85,774.1,0,1
control,47.27,52.17,848.9,0,8
control,69.56,38.44,1030.1,0,11
control,63.75,60.84,1179.7,0,12
control,0.0,11.03,1017.8,0,9
control,25.39,37.96,1047.5,0,13
control,0.0,8.17,982.1,0,9
control,20.46,17.09,856.8,0,6
control,65.86,68.55,921.2,0,7
control,53.25,60.11,834.6,0,10
control,61.22,31.05,826.6,0,13
control,27.78,16.95,1028.2,0,4
control,6.05,-9.36,845.2,0,5
control,22.94,34.22,1018.3,0,10
control,71.07,87.57,823.8,0,11
control,52.7,51.83,1015.6,0,6
control,38.14,33.93,921.4,0,10
control,26.69,52.37,1148.8,0,1
control,16.61,15.9,1018.8,0,5
control,40.25,38.65,1128.3,0,14
control,43.62,45.79,889.3,0,9
control,32.17,42.45,986.7,0,13
control,50.52,58.23,862.3,0,4
control,48.21,50.2,930.4,0,5
control,57.32,56.03,948.5,0,14
control,42.05,31.61,892.9,0,14
control,74.98,60.16,834.1,0,13
control,67.83,73.32,810.4,0,5
control,22.53,26.54,699.2,0,12
control,36.41,28.02,853.2,0,7
control,75.65,68.04,1055.3,0,12
control,35.73,40.56,788.2,0,12
control,79.29,69.27,815.8,0,7
control,51.37,36.03,1194.9,0,5
control,87.16,70.19,903.6,0,14
control,72.05,46.37,1018.5,0,7
control,37.13,48.65,1057.1,0,7
control,71.09,72.16,1059.5,0,10
control,39.15,37.49,797.3,0,14
control,28.02,27.06,952.3,1,2
control,28.46,35.93,785.8,0,14
control,31.67,52.14,1273.6,0,6
control,20.35,15.82,788.6,0,1
control,44.78,55.47,854.3,0,5
control,37.26,34.3,855.1,1,7
control,52.87,64.66,800.4,0,10
control,0.0,0.9,1142.3,0,8
control,35.23,29.84,1270.7,0,2
control,19.16,13.64,922.9,0,7
control,39.41,29.13,821.5,0,4
control,79.68,48.46,711.6,0,4
control,45.89,40.77,950.7,0,10
control,47.58,39.44,942.0,0,12
control,27.26,41.13,901.8,0,3
control,30.33,47.66,1006.6,0,9
control,50.44,25.85,1027.4,0,6
control,43.76,56.72,1018.8,0,5
control,41.34,55.93,942.1,0,10
control,50.81,50.93,847.8,0,4
control,52.93,54.02,1059.9,0,11
control,37.25,49.34,981.5,0,6
control,74.41,80.63,1086.6,0,2
control,60.75,42.43,1074.8,0,12
control,28.61,38.47,809.4,0,12
control,12.99,30.44,807.9,0,8
control,41.08,25.42,889.3,0,11
control,31.26,21.6,853.2,0,3
control,21.57,28.0,1070.6,0,5
control,21.66,42.73,1022.2,0,5
control,40.09,50.02,1111.9,0,11
control,45.06,44.92,1027.6,0,5
control,48.62,30.22,1005.0,0,11
control,45.37,60.2,1124.0,0,5
control,56.04,57.31,1036.4,0,9
control,51.79,41.13,988.2,0,3
control,0.83,32.25,1157.7,1,8
control,68.53,53.87,993.8,1,2
control,31.54,47.38,943.5,0,11
control,25.65,17.93,879.5,0,1
control,47.31,42.78,1064.4,0,14
control,64.5,48.72,1128.4,0,12
control,37.79,27.81,973.9,0,9
control,14.84,47.42,1136.9,0,13
control,9.9,17.81,743.6,0,12
control,69.04,68.05,973.3,0,2
control,62.92,66.46,975.2,0,11
control,47.48,39.45,892.8,0,6
control,62.05,50.54,1266.1,0,12
control,13.59,0.62,972.1,0,13
control,22.83,23.19,931.1,0,14
control,14.27,38.71,983.1,0,7
control,20.85,24.7,739.7,0,3
control,62.64,56.86,888.8,0,2
control,62.79,79.95,1098.0,0,3
control,34.33,22.82,904.5,0,14
control,43.83,28.93,880.5,0,9
control,50.66,48.24,1137.1,0,5
control,28.77,73.0,1140.8,0,7
control,6.84,22.0,1042.0,0,3
control,75.51,48.48,925.4,0,8
control,67.49,76.78,951.3,0,6
control,0.0,14.27,883.5,0,12
control,41.06,20.94,860.6,0,1
control,38.15,36.38,854.7,0,14
control,51.83,34.63,905.8,0,1
control,62.31,58.63,855.8,0,6
control,55.4,48.35,792.4,0,5
control,20.67,12.05,1006.3,1,11
control,63.28,53.28,1008.2,1,10
control,67.3,33.6,1184.1,0,3
control,79.68,66.94,899.8,0,7
control,12.46,32.7,1015.5,0,8
control,40.69,32.54,1017.5,0,7
control,69.92,53.74,949.5,0,1
control,74.45,57.73,1069.3,0,3
control,46.43,52.07,1073.0,0,8
control,33.38,13.66,1019.3,0,4
control,66.88,53.68,949.3,0,8
control,63.87,25.38,937.1,0,3
control,38.38,48.23,815.9,0,11
control,14.3,18.37,883.3,0,3
control,48.09,52.03,905.4,0,10
control,24.76,29.48,845.1,0,12
control,11.28,20.91,1032.8,0,6
control,18.12,56.85,1123.6,0,2
control,42.9,48.35,871.0,0,1
control,39.98,32.95,1014.0,0,6
control,62.11,70.12,855.9,0,2
control,64.78,36.07,943.4,0,13
control,45.7,44.58,897.2,0,14
control,67.51,48.84,1052.2,0,14
control,38.38,32.85,898.5,0,13
control,64.35,52.48,1101.4,0,9
control,40.06,34.4,950.5,0,5
control,57.33,36.59,902.0,0,7
control,68.33,68.53,829.6,0,4
control,34.69,25.27,1010.4,0,12
control,10.15,0.57,1087.4,0,7
control,67.62,73.0,1012.8,0,6
control,92.87,89.89,1248.7,0,10
control,69.55,36.71,1151.6,0,6
control,9.12,9.14,943.1,0,5
control,45.71,38.41,941.8,0,4
control,57.85,38.85,1036.4,0,1
control,57.8,40.58,879.4,0,1
control,26.71,23.96,1120.0,0,6
control,21.21,54.43,1023.4,0,14
control,60.9,53.44,1010.8,0,4
control,0.0,17.1,1062.4,0,9
control,77.14,56.59,1186.7,0,5
control,81.35,80.95,1000.5,0,5
control,61.82,47.1,966.4,0,3
control,26.76,37.93,1161.0,0,8
control,20.89,41.44,1096.1,0,10
control,58.82,55.07,941.5,0,5
control,15.85,12.85,980.6,0,8
control,40.82,46.96,1003.4,0,7
control,39.7,36.97,1023.4,0,4
control,114.32,77.26,817.2,0,10
control,53.78,40.86,794.9,0,8
control,87.29,74.02,873.5,0,1
control,38.52,24.13,864.2,0,7
control,75.42,54.57,902.7,0,6
control,47.61,49.75,1056.2,0,12
control,1.82,28.36,959.7,0,5
control,45.28,47.19,1003.6,0,14
control,76.42,65.83,833.1,0,9
control,26.04,38.17,924.6,0,2
control,14.49,13.54,1050.5,0,6
control,35.0,43.68,1051.4,0,13
control,51.06,27.76,893.1,0,4
control,49.8,37.84,999.4,0,10
control,52.75,42.53,1243.9,0,11
control,25.44,13.3,977.9,0,10
control,17.7,14.92,896.8,0,2
control,55.73,52.68,959.1,0,6
control,19.73,34.59,991.1,0,5
control,0.0,-2.17,961.9,1,5
control,60.08,58.13,976.2,0,13
control,54.03,48.9,806.8,0,1
control,50.09,31.15,864.5,0,8
control,45.17,20.3,962.1,0,14
control,80.8,59.04,960.2,0,13
control,36.79,50.29,912.1,0,9
control,79.5,86.89,958.8,0,14
control,58.66,51.56,987.3,0,6
control,86.85,50.98,1086.7,0,9
control,62.94,41.0,968.1,0,8
control,74.18,58.7,1027.9,0,1
control,49.9,55.25,915.0,0,1
control,53.34,66.53,1048.7,0,13
control,47.39,34.62,1025.1,0,3
control,22.36,36.16,1083.9,0,5
control,33.71,35.38,1065.6,0,9
control,56.47,58.23,1050.6,0,9
control,92.09,70.97,968.2,0,8
control,32.42,35.74,1009.4,0,14
control,3.8,36.35,1107.6,0,12
control,57.24,49.65,901.8,0,14
control,31.12,39.58,904.6,0,10
control,61.34,61.14,1001.8,0,14
control,6.48,3.47,1029.8,0,9
control,27.46,29.12,881.1,0,8
control,43.09,29.92,971.0,0,12
control,0.0,2.23,968.7,0,13
control,21.78,26.65,714.2,0,1
control,39.4,27.53,953.6,0,13
control,33.05,40.38,961.1,0,10
control,40.89,64.03,960.8,0,13
control,50.28,39.59,1149.9,0,11
control,43.63,25.45,834.1,0,13
control,43.41,42.97,881.0,0,4
control,34.9,62.89,666.5,0,3
control,38.7,26.43,922.3,0,3
control,6.66,27.61,932.5,0,4
control,58.55,54.05,918.8,0,3
control,28.89,40.01,1112.9,0,7
control,39.46,55.65,1083.3,1,3
control,38.57,43.75,989.3,0,3
control,54.03,56.63,935.5,0,8
control,18.82,25.37,1103.1,0,12
control,53.02,43.78,977.6,0,2
control,35.25,40.21,881.8,0,8
control,38.57,22.11,774.1,0,10
control,23.03,15.86,927.0,0,10
control,46.57,56.34,1070.6,0,2
control,27.05,37.68,1253.2,0,11
control,4.99,25.6,987.4,0,1
control,47.46,42.27,888.2,0,4
control,58.7,64.3,837.8,0,5
control,0.0,2.95,1046.2,0,12
control,12.7,17.06,768.2,0,3
control,17.08,27.39,1046.0,0,11
control,91.24,70.3,1078.1,0,14
control,25.82,49.09,1032.4,0,14
control,37.51,57.81,953.6,0,5
control,41.64,23.48,1047.8,0,2
control,45.44,23.85,1000.5,1,4
control,41.97,52.06,886.6,0,11
control,37.1,45.05,1202.0,0,3
control,62.69,53.88,937.8,0,10
control,9.29,40.62,1073.1,0,6
control,23.53,49.01,689.8,0,11
control,43.67,46.85,1133.2,0,9
control,79.56,58.0,1156.3,0,9
control,52.24,58.53,983.6,0,11
control,19.57,14.84,1047.1,0,14
control,23.64,3.55,1047.0,0,6
control,91.07,62.03,902.9,0,8
control,56.57,65.38,1045.7,0,9
control,27.84,25.63,883.0,0,12
control,39.69,10.52,906.9,0,7
control,25.31,45.78,1115.2,0,6
control,74.78,60.76,1097.0,0,12
control,60.49,76.36,895.2,0,14
control,54.96,53.29,892.0,0,8
control,35.43,37.31,902.5,0,2
control,16.78,27.92,1067.9,1,5
control,31.41,44.21,860.0,0,7
control,43.89,38.61,1022.8,0,10
control,42.11,25.73,1069.6,0,10
control,77.09,80.88,969.4,0,12
control,75.52,76.13,1101.2,0,1
control,71.79,64.45,943.5,0,7
control,16.13,27.42,954.3,0,10
control,69.49,59.39,862.7,0,14
control,67.04,55.51,1102.1,0,2
control,88.76,51.97,888.0,0,13
control,60.41,66.49,1022.0,0,1
control,49.09,55.44,971.4,0,3
control,68.0,57.32,853.7,0,12
control,66.99,55.46,906.9,0,12
control,43.13,50.13,1145.9,0,14
control,9.8,11.89,1004.2,0,9
control,53.94,45.51,858.9,0,9
control,24.18,33.99,1016.6,0,8
control,18.04,20.96,962.5,0,8
control,74.09,74.27,1394.5,0,8
control,87.56,75.12,1014.2,0,5
control,59.02,68.47,934.3,0,12
control,23.41,48.59,1150.4,0,5
control,40.51,68.31,759.1,0,9
control,27.55,44.22,991.3,0,10
control,29.95,47.65,1219.3,0,8
control,24.71,24.32,966.1,0,9
control,34.91,51.15,772.0,0,1
control,36.14,45.09,932.5,0,5
control,12.57,20.55,1154.5,0,7
control,37.97,43.08,1025.1,0,6
control,62.17,42.56,879.3,0,13
control,84.01,76.36,897.8,0,13
control,60.01,60.1,912.8,0,10
control,38.72,44.21,1023.3,0,5
control,43.03,48.48,1140.6,0,1
control,50.3,44.8,1106.3,0,11
control,49.8,40.35,1034.7,0,13
control,14.35,24.52,820.2,0,7
control,42.99,41.28,820.6,0,12
control,4.18,30.57,1044.0,0,14
control,27.24,21.49,818.5,0,8
control,64.12,53.2,952.9,1,3
control,47.54,51.04,1016.5,1,1
control,40.82,11.84,843.5,0,11
control,30.61,41.79,857.1,0,8
control,64.51,61.92,968.7,0,3
control,62.02,63.07,1040.4,0,1
control,60.56,62.47,1107.4,0,14
control,44.02,44.7,1052.8,0,5
control,32.49,28.79,988.8,0,5
control,38.91,24.49,890.5,0,9
control,69.97,50.2,851.5,0,6
control,51.23,50.83,918.7,0,13
control,77.71,67.17,1029.2,0,10
control,53.37,63.8,1020.4,0,6
control,53.51,41.62,728.0,0,4
control,13.71,21.6,885.7,0,13
control,54.96,38.26,1124.5,0,9
control,79.53,47.91,989.5,0,13
control,39.92,40.36,810.0,0,5
control,4.71,33.6,1262.7,1,1
control,41.49,48.55,976.5,0,13
control,53.88,34.93,1026.1,0,4
control,42.32,32.69,1027.9,0,12
control,53.62,49.61,935.9,0,10
control,52.44,36.76,892.7,0,4
control,55.8,48.39,1234.6,0,11
control,66.55,48.92,1100.4,0,2
control,38.98,23.49,1078.6,0,6
control,58.31,35.34,1049.2,0,5
control,73.81,69.88,859.6,0,10
control,38.41,23.08,1133.3,0,8
control,5.63,5.9,878.8,0,9
control,5.73,10.49,1014.0,0,7
control,69.36,44.52,783.3,0,11
control,48.52,44.56,735.1,0,3
control,54.3,41.88,1018.2,0,11
control,66.82,65.86,882.9,0,1
control,0.0,-4.11,741.3,0,2
control,51.69,51.13,1044.9,0,11
control,90.94,72.11,1234.4,0,3
control,34.08,23.7,1146.7,0,11
control,14.73,37.16,949.1,0,2
control,29.5,30.45,981.1,0,3
control,55.12,27.9,1086.5,0,14
control,36.58,38.13,1114.7,0,3
control,43.41,69.69,938.8,0,13
control,101.91,77.07,984.1,0,5
control,48.97,37.95,1016.1,1,12
control,75.55,78.29,1046.5,0,14
control,40.37,44.64,964.0,0,2
control,89.17,75.57,965.6,0,5
treatment,42.25,42.32,1192.5,0,9
treatment,69.63,46.36,1171.2,0,13
treatment,65.02,50.58,1079.7,0,3
treatment,107.45,101.22,1234.9,0,3
treatment,67.51,59.32,971.7,0,6
treatment,37.22,31.27,1222.9,0,3
treatment,82.07,61.44,1087.8,0,4
treatment,33.27,37.49,1428.9,0,2
treatment,20.56,35.18,870.9,0,12
treatment,75.03,60.35,933.8,0,12
treatment,60.73,44.56,1072.3,1,3
treatment,62.72,49.01,1069.7,0,8
treatment,57.32,44.25,1263.8,0,10
treatment,52.47,50.06,936.5,0,9
treatment,69.44,51.65,1133.1,0,14
treatment,18.67,9.13,1165.3,0,9
treatment,55.6,56.0,1108.1,0,10
treatment,30.75,26.32,899.9,0,1
treatment,55.78,18.04,1196.0,0,2
treatment,26.12,42.95,1173.7,1,9
treatment,59.77,45.51,1094.9,0,13
treatment,16.39,31.52,1045.5,0,6
treatment,63.63,58.96,1048.3,0,10
treatment,23.08,19.84,1010.2,0,3
treatment,15.45,36.68,1100.1,0,7
treatment,47.14,33.47,1023.9,0,11
treatment,45.29,43.16,913.9,0,10
treatment,26.61,49.02,888.9,0,2
treatment,46.44,25.86,926.0,0,13
treatment,83.46,57.04,1047.8,0,13
treatment,73.29,45.13,1016.6,0,7
treatment,25.07,9.94,1046.9,0,5
treatment,19.59,8.75,1082.6,0,8
treatment,69.77,43.78,941.6,0,12
treatment,71.27,40.02,1203.2,0,7
treatment,65.54,42.14,986.5,0,1
treatment,37.74,43.5,965.8,0,2
treatment,57.93,48.06,1080.3,0,12
treatment,73.23,61.06,790.4,0,12
treatment,7.65,24.0,921.2,0,11
treatment,38.54,22.9,1142.6,0,2
treatment,65.1,24.32,802.8,0,3
treatment,65.12,49.2,1159.7,0,6
treatment,92.62,66.41,1208.9,0,4
treatment,46.8,36.24,973.8,0,6
treatment,8.93,-1.03,1056.5,0,8
treatment,28.5,13.33,1159.9,0,4
treatment,26.16,29.01,961.7,0,2
treatment,28.65,33.96,1128.5,0,6
treatment,62.35,36.65,936.1,0,11
treatment,71.23,44.69,960.3,0,9
treatment,32.34,38.39,920.1,0,5
treatment,82.31,62.89,1062.8,0,5
treatment,38.97,31.83,1164.7,0,9
treatment,41.86,28.48,997.0,0,3
treatment,65.75,52.62,861.1,0,12
treatment,39.87,16.36,884.7,0,13
treatment,58.99,51.01,1069.3,0,1
treatment,72.82,45.85,1250.5,0,14
treatment,53.27,41.35,1069.2,0,1
treatment,86.42,72.59,971.6,0,7
treatment,29.41,32.8,1115.8,0,10
treatment,115.72,81.09,990.1,0,5
treatment,54.22,39.94,972.7,0,3
treatment,40.21,21.01,900.2,0,1
treatment,30.02,45.26,1196.1,0,11
treatment,22.04,24.63,702.6,0,1
treatment,56.26,30.47,1119.7,0,7
treatment,61.97,51.15,962.0,0,6
treatment,33.79,54.0,968.7,0,14
treatment,55.61,32.8,1231.5,1,14
treatment,60.12,61.77,930.7,0,12
treatment,90.31,64.84,935.0,0,11
treatment,73.94,69.85,1003.7,0,8
treatment,63.01,53.53,1071.7,0,5
treatment,90.46,68.54,964.8,0,3
treatment,7.67,10.15,823.3,0,14
treatment,32.22,38.28,911.8,0,6
treatment,34.27,28.39,1180.2,0,7
treatment,64.93,46.15,1029.3,0,2
treatment,23.28,33.71,1076.4,0,4
treatment,25.28,41.01,987.3,1,9
treatment,94.08,77.88,937.6,1,6
treatment,40.13,40.95,1229.7,0,9
treatment,52.74,51.45,996.5,0,3
treatment,21.54,39.82,964.6,0,2
treatment,43.13,45.36,1157.0,0,13
treatment,51.37,44.11,929.7,0,7
treatment,71.83,52.07,945.7,0,6
treatment,59.88,64.98,1021.3,0,5
treatment,101.86,73.65,1020.0,0,10
treatment,46.92,49.57,1052.5,0,8
treatment,51.58,54.61,1281.5,0,6
treatment,53.84,23.28,1062.0,0,14
treatment,52.89,42.42,722.7,0,13
treatment,59.22,60.93,1060.8,0,3
treatment,63.55,59.59,1024.7,0,9
treatment,73.83,47.81,1025.4,0,14
treatment,86.59,59.96,1050.7,0,7
treatment,48.07,52.83,1016.4,0,1
treatment,70.66,65.61,1013.4,0,2
treatment,57.43,49.21,1096.6,0,10
treatment,31.68,37.6,952.2,0,13
treatment,56.16,50.05,901.5,0,2
treatment,2.92,-8.75,1398.0,0,8
treatment,73.68,50.89,930.5,0,7
treatment,7.87,-21.67,1032.5,0,4
treatment,18.23,12.98,833.0,0,9
treatment,55.87,52.13,1034.6,0,13
treatment,68.59,52.6,903.3,0,4
treatment,23.94,23.08,964.7,0,1
treatment,47.83,31.18,1150.6,0,6
treatment,72.85,68.67,1079.0,0,5
treatment,29.79,35.29,1091.1,0,11
treatment,75.13,84.37,798.6,0,8
treatment,71.61,43.97,1249.6,0,1
treatment,55.95,51.34,871.0,0,5
treatment,101.12,73.1,1211.1,0,11
treatment,46.36,46.36,1147.7,0,7
treatment,38.86,25.96,1092.2,0,8
treatment,83.06,42.02,913.1,0,4
treatment,35.99,43.36,1038.9,0,5
treatment,2.21,19.43,961.1,0,2
treatment,65.16,39.4,1023.6,0,2
treatment,27.51,30.64,988.8,0,1
treatment,66.4,60.64,765.2,0,9
treatment,43.75,44.62,1160.2,0,3
treatment,50.45,38.91,1009.9,0,9
treatment,36.31,42.09,959.4,0,14
treatment,52.56,48.02,950.0,0,10
treatment,67.89,55.1,1064.8,0,9
treatment,20.71,26.01,908.3,0,2
treatment,24.33,25.25,738.1,0,7
treatment,64.81,63.88,1070.9,0,13
treatment,24.55,36.58,1084.9,0,6
treatment,22.0,18.5,995.0,0,12
treatment,60.39,51.99,876.5,0,10
treatment,53.46,52.34,1031.1,0,4
treatment,22.23,16.45,836.9,0,2
treatment,54.9,48.13,891.6,0,1
treatment,54.38,57.24,926.2,0,4
treatment,67.25,50.74,1125.5,0,5
treatment,81.95,55.38,974.7,0,10
treatment,21.62,18.72,964.0,0,9
treatment,63.65,49.96,1264.3,0,7
treatment,43.01,38.55,1064.1,0,11
treatment,48.5,35.31,1062.4,1,11
treatment,87.72,59.67,973.8,0,10
treatment,83.0,70.63,945.5,0,13
treatment,56.27,76.3,746.7,0,6
treatment,79.51,67.67,1141.1,0,12
treatment,66.82,42.02,1076.0,1,6
treatment,54.12,50.35,997.6,0,3
treatment,78.02,57.8,1002.8,0,3
treatment,43.73,46.18,1112.0,0,2
treatment,32.75,46.35,825.7,0,14
treatment,67.0,58.83,946.3,0,3
treatment,25.81,42.93,878.0,0,12
treatment,35.95,30.87,1241.4,0,11
treatment,62.53,36.54,1129.5,0,7
treatment,35.14,55.41,744.7,0,13
treatment,33.52,44.05,830.8,0,13
treatment,42.57,50.12,1003.5,0,13
treatment,61.59,56.06,960.9,0,7
treatment,40.05,37.25,854.5,0,5
treatment,83.49,57.61,1263.1,0,1
treatment,71.01,50.82,1059.1,0,12
treatment,37.87,21.77,1079.4,0,13
treatment,77.3,69.96,933.5,0,8
treatment,48.59,34.99,1110.3,0,1
treatment,11.9,14.21,972.4,0,12
treatment,46.08,25.19,984.6,0,5
treatment,18.9,25.62,1096.4,0,8
treatment,63.94,44.94,816.4,0,10
treatment,63.45,39.07,1219.6,0,3
treatment,48.75,37.94,1042.8,1,1
treatment,59.18,55.15,1180.1,0,2
treatment,62.61,50.12,885.6,0,14
treatment,16.55,49.69,904.6,0,14
treatment,62.4,51.38,874.8,0,6
treatment,60.0,55.09,1051.3,0,6
treatment,15.76,6.06,1028.2,0,6
treatment,55.24,37.44,961.9,0,5
treatment,14.23,4.76,893.2,0,8
treatment,36.01,44.65,861.7,0,5
treatment,49.32,43.92,1013.9,0,9
treatment,69.64,62.82,961.8,0,6
treatment,72.66,65.38,934.3,0,9
treatment,57.0,47.65,1213.4,0,14
treatment,57.65,34.99,1009.7,0,3
treatment,44.21,52.73,1178.8,0,1
treatment,45.1,34.5,953.3,0,8
treatment,69.42,43.97,1050.6,0,2
treatment,43.43,61.75,1013.1,0,4
treatment,44.66,33.96,807.8,0,12
treatment,56.53,58.5,1198.5,0,6
treatment,57.41,56.19,1003.1,0,8
treatment,22.9,26.81,1113.3,0,11
treatment,65.13,61.53,926.0,0,2
treatment,88.73,56.57,999.4,0,7
treatment,35.37,45.83,911.6,0,1
treatment,22.38,30.28,1174.5,0,7
treatment,18.92,28.53,1058.9,0,4
treatment,66.66,34.32,1065.9,0,13
treatment,53.89,53.77,1189.8,0,4
treatment,35.2,26.8,1164.5,0,3
treatment,52.99,51.88,1115.7,0,1
treatment,17.59,21.65,842.3,0,2
treatment,44.71,40.33,933.0,0,4
treatment,87.61,45.97,894.5,0,4
treatment,111.36,88.01,1110.9,0,11
treatment,16.63,19.21,1041.3,0,13
treatment,84.82,70.5,846.2,0,12
treatment,42.22,46.7,996.4,0,14
treatment,33.32,51.4,833.2,0,13
treatment,67.61,46.13,1013.4,0,7
treatment,74.99,52.01,813.1,0,6
treatment,63.48,41.23,1086.1,0,10
treatment,68.88,70.17,1067.2,0,5
treatment,41.49,35.78,1258.5,0,9
treatment,80.63,64.38,1126.0,0,14
treatment,46.19,32.4,967.1,0,3
treatment,44.87,42.92,1122.3,0,11
treatment,10.96,24.7,845.3,1,14
treatment,60.51,52.19,899.7,0,8
treatment,90.42,70.01,1061.6,0,5
treatment,33.33,42.61,750.2,0,4
treatment,57.06,40.46,1015.4,0,3
treatment,37.56,23.94,892.5,0,5
treatment,58.08,39.87,1032.7,0,11
treatment,37.21,15.33,885.3,0,8
treatment,26.54,27.57,1073.0,0,4
treatment,32.5,48.08,1022.4,0,8
treatment,65.75,67.74,1195.0,0,12
treatment,110.35,94.57,1020.8,0,1
treatment,34.08,33.44,923.9,0,1
treatment,65.43,69.84,989.1,0,14
treatment,29.92,48.39,852.0,0,11
treatment,73.41,41.28,1070.8,0,9
treatment,70.1,51.79,1093.7,0,13
treatment,63.18,45.11,1328.6,0,9
treatment,66.76,45.99,942.3,0,8
treatment,52.69,36.65,986.5,0,3
treatment,24.81,18.83,948.0,0,12
treatment,23.52,16.21,1046.5,0,11
treatment,56.21,55.76,1067.7,0,5
treatment,83.68,39.02,1013.3,0,11
treatment,49.29,33.27,1155.8,0,11
treatment,45.03,44.15,942.9,0,2
treatment,71.06,58.31,1143.3,0,3
treatment,40.21,47.25,1087.3,0,9
treatment,61.58,32.19,1018.5,0,9
treatment,62.43,66.07,980.6,0,10
treatment,84.55,72.43,1323.3,0,6
treatment,74.49,52.9,917.9,0,12
treatment,72.89,61.53,1057.2,0,7
treatment,73.27,66.36,926.2,0,3
treatment,70.25,64.34,1243.2,0,2
treatment,60.76,55.05,1130.9,0,13
treatment,53.21,54.77,935.2,0,10
treatment,53.69,53.35,1084.1,0,7
treatment,53.92,24.25,1052.2,0,3
treatment,61.46,56.61,955.4,0,2
treatment,17.93,19.6,1114.8,1,3
treatment,30.99,29.7,1068.7,0,2
treatment,88.37,67.46,1047.0,0,8
treatment,74.75,59.12,1014.8,0,3
treatment,83.86,70.77,1073.9,0,2
treatment,43.28,39.11,1048.7,0,4
treatment,40.33,23.26,1027.4,1,10
treatment,38.39,39.67,939.9,0,7
treatment,49.44,45.84,1231.7,0,3
treatment,66.27,45.42,888.7,0,11
treatment,82.39,64.41,1073.5,0,7
treatment,31.65,37.5,980.0,0,3
treatment,45.23,50.34,1239.9,1,10
treatment,36.53,26.2,907.1,0,14
treatment,83.0,52.11,928.1,0,8
treatment,24.61,44.06,898.8,0,3
treatment,42.86,30.5,1060.4,0,5
treatment,28.21,39.76,848.4,0,9
treatment,39.45,40.68,960.2,0,14
treatment,41.8,39.14,751.0,0,14
treatment,74.83,75.88,1050.1,0,14
treatment,42.28,42.23,957.5,0,12
treatment,47.44,39.61,834.0,0,9
treatment,9.15,6.25,1155.7,0,10
treatment,16.1,27.9,856.5,0,11
treatment,57.94,39.26,1119.6,0,11
treatment,50.56,31.65,932.4,0,9
treatment,86.07,68.87,1220.2,0,2
treatment,27.08,41.03,1113.7,0,13
treatment,76.9,67.19,894.0,0,1
treatment,61.87,45.11,905.4,0,6
treatment,37.56,44.67,1095.7,0,7
treatment,50.04,42.4,987.2,0,14
treatment,49.82,44.07,998.8,0,2
treatment,105.63,74.94,1179.0,0,7
treatment,39.91,2.25,926.4,0,6
treatment,0.0,7.97,1031.4,0,2
treatment,77.3,34.22,1139.3,0,4
treatment,38.81,44.26,1121.1,0,6
treatment,76.54,56.42,1000.0,0,13
treatment,72.8,52.52,983.9,0,6
treatment,31.08,37.08,802.6,0,13
treatment,75.16,62.34,888.0,0,11
treatment,66.93,62.54,1059.8,0,12
treatment,62.19,47.31,1002.8,0,12
treatment,70.55,61.33,1029.4,0,10
treatment,72.64,48.91,1149.9,0,11
treatment,43.14,33.89,871.6,0,3
treatment,60.59,56.56,990.5,0,11
treatment,68.56,45.99,1043.6,0,1
treatment,59.53,44.02,932.0,0,11
treatment,86.02,70.51,1198.9,0,10
treatment,1.49,-0.12,1133.6,0,11
treatment,13.27,18.48,1056.3,0,9
treatment,23.77,22.63,1244.3,0,6
treatment,36.67,37.46,832.6,0,6
treatment,58.17,39.42,1019.0,0,9
treatment,40.08,16.87,1065.8,0,7
treatment,32.89,26.27,905.7,0,5
treatment,57.16,28.5,1057.6,0,7
treatment,111.23,88.23,881.7,0,8
treatment,84.62,76.43,1106.3,0,4
treatment,33.05,36.59,1152.2,0,9
treatment,67.41,37.46,1054.0,0,5
treatment,31.49,23.31,788.4,0,4
treatment,21.55,9.65,899.2,0,6
treatment,44.69,41.9,1090.6,0,2
treatment,22.4,26.04,1022.6,0,9
treatment,29.41,42.47,683.2,0,11
treatment,33.74,15.2,1175.4,0,14
treatment,27.79,30.28,1037.1,0,4
treatment,96.67,46.68,917.6,0,8
treatment,42.24,50.59,1144.4,0,8
treatment,40.69,51.51,935.3,0,11
treatment,36.65,20.23,933.9,0,9
treatment,86.94,59.38,1064.8,0,12
treatment,39.03,29.6,1242.6,0,12
treatment,69.87,55.39,1222.9,0,2
treatment,25.39,43.81,1065.0,0,5
treatment,19.1,19.23,1077.8,0,10
treatment,31.11,38.31,1118.9,0,8
treatment,30.9,50.58,862.9,0,7
treatment,63.17,55.03,1100.5,0,3
treatment,17.65,41.46,928.2,0,9
treatment,58.24,71.57,1059.8,0,11
treatment,60.54,62.14,991.6,1,1
treatment,35.49,39.38,1082.7,0,9
treatment,69.35,57.5,1034.8,0,13
treatment,87.68,78.81,635.9,0,9
treatment,96.36,79.29,1042.4,0,14
treatment,41.58,21.9,1100.3,0,5
treatment,52.01,27.32,1075.7,0,1
treatment,75.94,70.73,1007.2,0,10
treatment,38.1,24.95,1225.3,0,3
treatment,36.64,20.19,1058.9,0,1
treatment,45.31,35.25,1074.7,0,3
treatment,52.78,51.56,1150.6,0,14
treatment,45.03,42.16,1065.3,0,11
treatment,29.16,32.29,907.7,0,4
treatment,46.12,31.86,715.2,0,9
treatment,38.27,31.18,960.4,0,5
treatment,27.53,28.17,1115.1,1,3
treatment,79.89,85.07,975.9,0,14
treatment,39.36,49.36,1120.1,0,12
treatment,79.77,59.96,1038.6,0,6
treatment,44.38,35.2,1181.0,0,5
treatment,36.22,40.65,983.1,0,12
treatment,50.88,31.16,1078.5,0,7
treatment,0.0,-3.73,1083.2,0,6
treatment,8.87,19.2,1207.7,0,6
treatment,35.69,11.41,806.7,0,7
treatment,6.6,3.5,962.7,0,8
treatment,25.86,22.48,1126.1,0,1
treatment,73.9,67.85,1213.2,0,7
treatment,66.64,43.2,1050.0,0,7
treatment,73.03,67.23,983.4,0,4
treatment,41.4,51.4,1114.6,0,5
treatment,71.95,58.09,1128.6,0,6
treatment,29.67,27.78,975.0,0,6
treatment,86.49,53.43,1061.3,1,13
treatment,63.43,57.12,1167.6,0,8
treatment,10.54,33.62,1256.3,0,8
treatment,65.65,54.07,1112.8,0,4
treatment,87.98,54.19,1025.5,0,13
treatment,64.34,34.11,1013.2,0,1
treatment,58.42,23.79,1089.7,0,8
treatment,17.49,22.69,1005.5,0,3
treatment,65.58,45.56,1043.7,0,11
treatment,46.69,49.89,887.8,0,6
treatment,41.4,29.73,1182.1,0,5
treatment,34.0,44.48,877.5,0,1
treatment,51.81,54.27,966.0,0,12
treatment,52.15,55.13,1032.2,0,6
treatment,89.66,71.93,1268.9,0,4
treatment,83.74,66.99,967.2,0,12
treatment,38.67,25.98,936.7,0,1
treatment,60.35,74.3,951.1,0,7
treatment,38.22,34.44,1227.4,0,3
treatment,58.24,62.81,668.5,0,2
treatment,64.68,45.22,894.7,0,1
treatment,61.05,36.58,1361.4,0,3
treatment,36.23,11.46,1093.9,0,14
treatment,37.97,40.91,881.8,0,7
treatment,0.0,15.93,1014.8,0,14
treatment,42.66,61.41,1028.4,0,4
treatment,96.4,71.3,1125.8,0,11
treatment,32.57,29.66,1249.9,0,2
treatment,45.87,49.44,1068.6,0,2
treatment,62.36,30.94,952.5,0,1
treatment,58.68,32.69,1118.4,0,13
treatment,64.55,57.94,932.7,0,10
treatment,46.63,43.31,890.8,0,11
treatment,78.34,75.31,800.0,0,13
treatment,46.57,35.32,824.4,0,5
treatment,90.33,61.99,907.9,0,11
treatment,58.91,45.75,872.8,0,8
treatment,74.72,58.32,1059.2,0,8
treatment,60.34,35.95,870.1,0,10
treatment,34.18,43.11,627.0,0,7
treatment,60.04,41.92,889.5,0,1
treatment,33.41,28.95,961.0,0,2
treatment,27.12,55.92,944.3,0,8
treatment,32.35,55.7,1209.9,0,8
treatment,46.96,54.68,943.3,0,11
treatment,84.27,71.67,1130.1,0,9
treatment,76.97,70.09,1017.6,0,3
treatment,47.75,37.25,1014.7,0,6
treatment,84.87,50.71,915.6,0,7
treatment,23.29,32.78,1012.7,0,14
treatment,51.38,44.42,924.4,0,8
treatment,45.71,33.2,1041.3,0,9
treatment,67.9,73.16,990.5,0,11
treatment,57.8,50.55,901.9,0,6
treatment,25.37,40.08,1144.0,0,14
treatment,90.89,65.49,1073.4,0,10
treatment,5.89,4.93,964.0,0,12
treatment,46.47,7.75,1038.2,0,11
treatment,64.1,58.33,1009.5,0,9
treatment,66.77,45.09,911.6,0,1
treatment,54.78,48.51,1028.8,0,9
treatment,28.98,20.12,942.4,0,2
treatment,42.82,43.58,901.9,0,9
treatment,86.23,80.06,817.2,0,10
treatment,69.48,58.84,975.2,0,8
treatment,43.21,47.05,1090.9,0,5
treatment,42.36,36.1,933.2,1,1
treatment,36.3,36.9,1335.1,0,10
treatment,48.32,5.67,1130.7,0,10
treatment,54.39,48.64,1183.0,0,7
treatment,87.01,59.22,1119.4,0,11
treatment,22.55,15.64,1251.6,0,11
treatment,44.06,32.09,921.6,0,8
treatment,13.71,23.17,699.9,0,1
treatment,29.13,26.62,964.2,0,13
treatment,55.21,44.96,1089.8,0,7
treatment,39.07,6.48,1038.9,0,10
treatment,64.66,55.06,1054.4,0,13
treatment,83.24,57.57,1185.1,1,6
treatment,56.19,39.48,1067.8,0,9
treatment,33.08,-0.65,1119.9,0,1
treatment,34.05,26.06,902.6,0,13
treatment,105.26,66.19,883.1,0,1
treatment,0.0,-6.0,1221.8,1,8
treatment,34.89,37.74,1032.6,0,5
treatment,14.9,22.76,942.1,0,1
treatment,97.34,58.48,942.3,0,7
treatment,51.67,31.85,938.9,0,14
treatment,53.39,51.27,931.4,0,3
treatment,78.23,54.18,859.6,0,5
treatment,91.42,77.05,832.4,0,3
treatment,75.55,40.35,995.6,0,2
treatment,35.94,50.77,945.9,0,4
treatment,23.07,17.27,1158.4,0,9
treatment,64.62,65.43,1056.6,0,11
treatment,11.15,30.31,1053.2,0,10
treatment,56.94,33.91,927.1,0,11
treatment,47.23,43.6,1004.9,0,11
treatment,35.85,15.87,1065.1,0,6
treatment,88.21,48.12,1109.5,0,13
treatment,62.46,61.41,1008.3,0,3
treatment,50.33,49.27,1154.9,0,10
treatment,26.73,15.4,1021.0,0,2
treatment,63.15,41.77,1119.1,0,11
treatment,55.73,57.36,958.8,0,2
treatment,11.45,10.2,793.4,0,4
treatment,48.38,24.65,1053.5,0,6
treatment,71.2,59.78,1110.7,0,10
treatment,27.23,48.86,1091.9,0,1
treatment,41.05,51.42,1072.8,0,4
treatment,103.19,77.47,976.4,0,5
treatment,64.77,52.43,919.2,0,11
treatment,51.6,55.84,1089.0,0,14
treatment,93.88,92.79,1073.3,0,9
treatment,48.02,40.15,949.9,1,8
treatment,48.47,29.64,1158.7,0,5
treatment,39.45,51.7,909.6,0,12
treatment,46.88,51.9,947.1,0,2
treatment,46.48,34.52,1224.6,0,2
treatment,32.89,25.42,1128.6,1,3
treatment,97.64,85.58,975.2,0,4
treatment,39.58,49.88,1055.9,0,7
treatment,44.25,30.82,1039.3,0,14
treatment,81.83,60.49,676.8,0,10
treatment,56.39,42.04,906.7,0,6
treatment,49.14,39.45,1013.6,1,3
treatment,59.35,54.12,975.4,0,10
treatment,18.3,20.75,1050.9,0,4
treatment,56.21,50.35,1161.2,0,14
treatment,100.69,78.43,979.8,0,7
treatment,57.43,52.39,887.8,0,8
treatment,32.69,37.23,1060.6,0,13
treatment,36.09,34.87,979.2,0,5
treatment,47.4,36.61,1000.5,0,7
treatment,41.95,39.43,983.5,0,8
treatment,51.92,37.2,1300.2,0,4
treatment,73.87,60.49,739.9,0,1
treatment,35.12,12.8,971.5,0,4
treatment,85.58,59.52,1019.5,0,2
treatment,59.03,37.17,922.4,0,10
treatment,44.54,50.79,1132.5,0,1
treatment,20.07,23.71,1121.7,0,5
treatment,72.32,67.92,1014.0,0,13
treatment,65.69,66.42,986.2,0,8
treatment,51.33,61.27,1006.0,0,10
treatment,20.11,16.73,1006.9,0,10
treatment,58.47,58.92,1010.2,0,5
treatment,48.68,51.29,996.5,0,9
treatment,20.38,15.11,1051.6,0,4
treatment,67.48,43.56,1114.2,0,9
treatment,60.21,50.56,866.2,0,10
treatment,95.19,54.01,888.7,0,13
treatment,56.7,47.19,801.4,0,13
treatment,52.14,49.24,1128.3,0,1
treatment,75.84,70.53,1051.3,0,5
treatment,75.27,66.07,1083.2,0,8
treatment,10.0,-7.61,841.3,0,5
treatment,75.2,38.29,1243.1,0,9
treatment,36.82,41.04,943.9,0,12
treatment,34.39,12.46,1041.0,0,4
treatment,55.85,45.7,1126.8,0,13
treatment,50.06,66.48,896.6,0,13
treatment,44.18,24.44,951.7,0,13
treatment,74.7,50.06,1042.4,0,2
treatment,24.21,27.52,1377.2,0,5
treatment,40.13,31.91,1057.6,0,2
treatment,51.69,70.59,1220.8,0,2
treatment,24.77,34.23,1170.7,0,1
treatment,73.71,52.32,1066.0,0,7
treatment,13.86,10.32,896.4,0,2
treatment,66.7,77.52,1152.5,0,5
treatment,64.57,54.85,832.7,0,14
treatment,41.04,40.72,1220.1,1,13
treatment,54.32,54.36,1045.0,0,14
treatment,38.38,18.62,688.7,0,1
treatment,54.7,65.29,977.4,0,10
treatment,33.34,38.17,1101.7,0,9
treatment,50.16,40.33,990.4,0,2
treatment,56.81,35.15,1109.4,0,13
treatment,59.1,33.55,913.7,0,6
treatment,53.57,56.5,856.8,0,14
treatment,68.74,48.61,1011.1,1,2
treatment,51.19,55.73,1023.9,0,10
treatment,76.8,43.84,976.5,0,2
treatment,44.01,53.24,1173.4,0,14
treatment,63.04,36.46,913.7,0,9
treatment,79.11,84.14,1059.1,0,2
treatment,53.6,15.78,1028.5,0,4
treatment,80.54,66.7,825.4,1,6
treatment,59.81,68.62,855.1,0,1
treatment,29.96,28.66,1021.5,0,1
treatment,99.23,84.13,1267.6,0,13
treatment,82.6,61.92,1092.4,0,14
treatment,66.47,61.48,804.3,0,8
treatment,52.47,44.5,631.2,0,13
treatment,58.4,40.09,1111.6,0,10
treatment,49.76,40.23,1008.0,0,1
treatment,39.74,51.03,1162.7,0,11
treatment,63.2,69.22,909.9,0,1
treatment,57.67,47.26,1063.8,0,12
treatment,53.3,27.59,1125.8,0,6
treatment,87.66,58.84,964.1,0,2
treatment,77.55,60.58,966.7,0,4
treatment,66.24,55.78,1023.2,0,10
treatment,74.21,57.42,1087.8,0,12
treatment,37.56,39.12,1018.2,0,8
treatment,33.85,27.28,1141.7,0,3
treatment,25.46,28.37,962.3,0,13
treatment,6.81,14.56,854.0,1,12
treatment,59.97,48.27,1267.1,0,6
treatment,52.6,42.5,944.4,0,8
treatment,53.72,36.08,948.9,0,14
treatment,10.08,-9.2,1011.8,0,6
treatment,34.12,21.55,1028.4,0,1
treatment,77.73,64.18,971.7,0,3
treatment,39.78,32.04,1017.8,0,9
treatment,63.13,50.49,1015.0,0,14
treatment,18.18,18.97,1041.9,0,11
treatment,80.38,69.9,725.3,0,9
treatment,58.35,41.41,1255.1,0,5
treatment,46.81,49.22,1001.6,0,7
treatment,90.62,85.86,1092.6,0,1
treatment,67.76,71.3,847.7,0,6
treatment,38.93,38.48,961.1,0,9
treatment,25.81,33.32,936.0,0,13
treatment,63.71,38.14,1203.7,0,13
treatment,74.74,53.18,946.8,0,12
treatment,57.16,42.11,1114.8,0,1
treatment,72.45,36.89,938.7,0,12
treatment,73.03,70.41,963.4,0,4
treatment,91.93,41.94,989.3,0,9
treatment,86.28,85.39,1180.5,0,14
treatment,56.46,45.63,783.8,0,13
treatment,75.38,76.14,855.5,0,10
treatment,62.51,50.43,776.6,0,5
treatment,79.03,61.33,884.1,0,8
treatment,37.79,30.96,918.5,0,10
treatment,62.12,28.63,818.2,0,8
treatment,62.34,52.27,928.2,0,6
treatment,71.54,61.79,768.2,0,6
treatment,39.32,44.72,892.8,0,9
treatment,35.94,20.84,1170.1,0,1
treatment,26.98,19.52,1070.4,0,14
treatment,19.23,18.31,1043.4,0,2
treatment,11.24,12.18,894.7,0,14
treatment,90.6,45.97,828.0,1,1
treatment,66.32,64.25,877.6,0,8
treatment,30.76,43.76,1014.6,0,6
treatment,4.17,3.31,1128.5,0,9
treatment,47.5,40.57,1132.8,0,7
treatment,56.34,41.07,1098.8,0,13
treatment,93.86,81.73,927.8,0,1
treatment,36.72,17.77,1023.1,0,14
treatment,35.88,36.97,979.8,0,10
treatment,84.4,74.71,994.9,0,11
treatment,46.57,52.1,1274.6,0,2
treatment,52.03,54.14,799.7,0,1
treatment,40.43,46.06,990.7,0,6
treatment,40.21,49.94,1171.5,0,5
treatment,79.16,58.0,836.8,0,11
treatment,47.62,29.43,939.5,0,13
treatment,79.59,59.81,953.9,0,6
treatment,29.19,19.29,992.1,0,11
treatment,67.69,49.91,820.5,0,1
treatment,29.68,47.22,1094.4,0,11
treatment,53.26,32.91,1103.3,0,2
treatment,53.48,43.59,1083.5,0,10
treatment,49.85,32.79,911.2,0,6
treatment,38.95,24.71,1030.8,0,6
treatment,31.71,37.63,907.6,0,4
treatment,12.13,24.13,978.4,0,6
treatment,46.76,49.81,1289.2,0,13
treatment,40.24,23.3,1032.0,0,12
treatment,72.83,56.82,871.6,0,5
treatment,12.66,22.73,1042.5,0,5
treatment,28.27,33.81,851.0,0,8
treatment,30.91,32.76,870.1,0,10
treatment,68.32,67.85,889.9,0,3
treatment,37.78,49.95,964.5,0,11
treatment,27.96,40.19,1137.1,0,14
treatment,48.13,52.98,1092.3,0,12
treatment,17.69,6.07,1085.4,0,8
treatment,34.14,43.22,882.6,0,5
treatment,82.84,79.96,952.3,0,5
treatment,68.39,46.38,1054.0,0,11
treatment,34.28,45.22,941.5,0,7
treatment,57.57,53.87,985.2,0,2
treatment,80.56,60.12,1075.2,0,10
treatment,12.45,8.05,976.4,0,2
treatment,15.49,13.72,1048.3,0,14
treatment,71.15,47.79,1219.1,0,6
treatment,35.25,31.13,998.5,0,5
treatment,88.57,67.62,1167.4,0,1
treatment,52.17,38.33,1089.9,0,3
treatment,14.54,9.18,836.6,0,14
treatment,37.1,21.18,882.2,0,8
treatment,10.33,-5.49,915.8,1,13
treatment,61.8,39.79,913.1,0,14
treatment,40.58,40.61,1008.7,0,1
treatment,44.93,36.36,1096.8,0,6
treatment,68.39,63.42,1176.9,0,12
treatment,81.09,65.57,1058.5,0,7
treatment,34.21,40.93,964.3,0,8
treatment,30.27,5.58,759.7,0,8
treatment,68.13,55.11,1028.8,0,10
treatment,42.14,54.0,1023.2,0,14
treatment,73.42,49.57,1042.9,0,13
treatment,98.91,61.67,1283.3,0,9
treatment,46.12,23.03,1175.1,0,9
treatment,104.62,80.16,1118.1,0,6
treatment,36.69,26.73,899.7,0,2
treatment,40.53,57.49,955.9,0,10
treatment,0.0,13.63,1008.1,0,1
treatment,39.55,27.26,923.1,0,10
treatment,68.2,71.29,1082.6,0,7
treatment,34.26,39.3,1064.6,0,12
treatment,64.41,59.12,884.0,0,14
treatment,63.92,48.27,1169.6,0,8
treatment,29.3,42.11,1032.8,0,9
treatment,67.68,68.55,803.9,0,7
treatment,68.6,39.74,1013.6,0,6
treatment,6.84,11.95,1055.2,0,2
treatment,50.26,29.54,1141.6,0,1
treatment,53.72,53.92,977.8,0,11
treatment,65.57,51.12,1123.5,0,13
treatment,40.79,15.79,1043.4,0,1
treatment,49.76,30.96,855.6,0,5
treatment,54.47,33.53,843.1,0,9
treatment,29.21,37.42,1160.3,0,10
treatment,44.19,19.23,1169.5,1,11
treatment,29.04,32.69,1060.4,0,10
treatment,42.95,30.89,1207.0,0,2
treatment,67.77,57.89,1152.1,0,4
treatment,71.57,58.56,1105.5,0,7
treatment,53.68,41.38,906.1,0,1
treatment,33.07,36.94,1236.4,0,5
treatment,34.8,46.52,1087.0,0,6
treatment,50.07,29.3,971.8,0,14
treatment,34.99,23.36,936.5,0,5
treatment,51.9,27.08,1052.1,0,14
treatment,40.24,32.57,811.1,0,10
treatment,12.44,23.06,1107.5,0,10
treatment,67.59,46.92,900.8,0,12
treatment,58.28,57.13,1066.3,0,12
treatment,29.89,15.43,954.8,0,4
treatment,42.73,44.45,986.9,0,6
treatment,70.76,40.04,925.4,0,8
treatment,44.76,50.15,999.8,0,14
treatment,46.44,43.77,1256.2,0,1
treatment,28.81,17.84,1193.1,0,7
treatment,15.18,21.28,1064.3,0,3
treatment,56.49,44.53,1016.8,0,3
treatment,90.98,62.52,1125.5,0,11
treatment,7.85,4.14,1161.2,0,3
treatment,62.64,50.22,916.3,0,12
treatment,32.59,65.41,1010.3,0,14
treatment,48.3,41.25,792.3,0,11
treatment,56.11,53.9,1160.4,0,3
treatment,28.28,31.34,1278.1,0,2
treatment,64.54,41.85,1030.0,0,7
treatment,19.97,14.82,754.4,0,8
treatment,10.07,1.8,1096.1,0,11
treatment,61.71,60.97,907.0,0,6
treatment,8.23,26.27,937.1,0,3
treatment,27.99,35.8,1098.3,0,14
treatment,41.88,19.04,1051.8,0,13
treatment,0.0,18.62,959.0,0,10
treatment,37.77,40.87,938.8,1,10
treatment,33.7,30.87,1035.7,0,14
treatment,82.05,50.8,968.8,0,7
treatment,69.63,52.15,881.3,0,3
treatment,48.89,49.78,978.4,0,9
treatment,73.59,48.29,1062.4,0,7
treatment,67.14,72.4,997.7,0,12
treatment,47.83,24.78,843.3,0,11
treatment,31.45,43.01,1143.6,0,7
treatment,85.16,64.39,677.6,0,6
treatment,66.63,66.76,964.2,0,6
treatment,13.44,18.41,942.5,0,9
treatment,43.17,38.38,1038.5,0,9
treatment,77.75,68.45,1090.2,0,8
treatment,52.87,53.15,1160.8,0,8
treatment,62.37,47.51,930.9,0,14
treatment,39.61,40.08,1093.3,0,4
treatment,53.71,37.09,1044.5,0,3
treatment,62.34,49.19,806.1,0,12
treatment,46.35,39.46,1257.6,0,14
treatment,44.5,43.23,840.2,0,9
treatment,54.8,45.41,1072.4,0,6
treatment,47.85,31.79,1068.7,0,5
treatment,89.06,53.58,1054.5,0,7
treatment,112.79,96.46,958.2,0,1
treatment,35.62,12.01,1123.4,0,8
treatment,99.98,49.83,825.0,0,4
treatment,46.01,30.32,1011.8,0,4
treatment,67.73,54.39,949.5,0,8
treatment,62.01,44.84,935.3,0,14
treatment,49.87,57.71,1073.6,0,3
treatment,64.63,65.16,1154.7,0,13
treatment,47.48,47.46,977.1,0,8
treatment,79.19,64.38,1117.6,0,14
treatment,10.12,1.8,1026.2,0,6
treatment,79.65,72.63,908.4,0,14
treatment,72.82,50.75,987.8,0,10
treatment,81.31,63.4,982.6,0,10
treatment,28.91,22.04,932.9,0,8
treatment,28.24,29.05,1073.6,0,7
treatment,69.69,46.63,1049.3,0,8
treatment,61.93,43.69,821.2,0,12
treatment,33.58,49.1,813.6,0,12
treatment,64.96,63.52,1073.1,0,1
treatment,24.47,12.23,918.1,0,10
treatment,78.41,61.53,1057.8,0,12
treatment,64.26,44.15,1117.6,1,11
treatment,51.98,40.33,861.1,0,7
treatment,35.21,17.52,843.6,0,5
treatment,60.61,53.05,1229.3,0,10
treatment,1.97,0.55,1063.9,0,10
treatment,58.46,55.67,967.6,0,6
treatment,26.94,17.14,903.3,0,6
treatment,51.78,44.96,956.2,0,6
treatment,23.01,41.85,871.2,0,1
treatment,65.18,65.05,1130.4,0,1
treatment,49.21,40.78,922.9,0,2
treatment,35.95,31.51,1156.7,0,6
treatment,39.54,34.88,969.9,0,8
treatment,79.29,66.91,889.6,0,6
treatment,45.16,53.65,966.7,1,14
treatment,22.2,37.06,692.0,0,4
treatment,42.59,39.74,1004.9,0,6
treatment,36.13,15.79,998.7,0,4
treatment,81.44,50.99,1123.1,0,5
treatment,33.19,12.32,784.2,1,9
treatment,43.27,57.53,1165.2,0,5
treatment,50.26,46.32,1122.6,0,5
treatment,94.5,86.97,1176.5,1,10
treatment,35.65,24.2,1013.4,0,12
treatment,57.23,42.15,1146.7,0,3
treatment,68.32,76.37,836.1,0,2
treatment,72.02,65.45,1109.1,0,4
treatment,45.74,31.47,923.6,0,9
treatment,66.65,48.03,813.6,0,14
treatment,40.13,44.04,879.5,0,3
treatment,51.22,49.08,1020.7,0,1
treatment,1.96,31.42,917.0,1,8
treatment,41.2,42.39,1067.0,0,14
treatment,17.57,15.24,794.0,0,8
treatment,39.34,46.43,754.1,0,13
treatment,61.15,52.1,1191.5,0,9
treatment,46.83,39.91,1133.0,0,1
treatment,0.0,14.93,888.8,0,6
treatment,70.77,61.79,1019.6,0,11
treatment,44.42,50.56,1147.4,0,8
treatment,46.16,30.93,1072.4,0,3
treatment,28.79,38.95,1038.5,0,3
treatment,26.95,16.99,1156.9,0,10
treatment,30.43,25.54,928.7,0,7
treatment,46.72,34.32,1023.9,0,9
treatment,73.47,66.11,1017.8,0,6
treatment,37.22,32.49,985.9,0,5
treatment,40.47,55.52,971.3,0,10
